ts,email,company,subject
2026-08-09 03:15,jobs@coffeebeansksa.com,Coffee Beans KSA,Job Application – Operations Coordinator – Riyadh
2026-08-09 03:16,recruitment.ksa@naffco.com,NAFFCO KSA,Job Application – Operations Coordinator – Riyadh
2026-08-09 03:16,salhumood@sgn.com.sa,SGN,Job Application – Industrial Engineer – Dammam
2026-08-09 03:16,info@alqunini.com,Al Qunini,Job Application – Operations Coordinator – Riyadh
2026-08-09 03:17,info@realm-sa.com,Realm Saudi,Job Application – Industrial Engineer – Jeddah
2026-08-09 03:17,hr@almotawa.com,Al Motawa,Job Application – Operations Coordinator – Dammam
2026-08-09 03:18,careers@clariant-tamimi.com,Clariant Tamimi,Job Application – Industrial Engineer – Al Khobar
2026-08-09 03:18,admin@aamcosa.com,AAMCO,Job Application – Operations Coordinator – Dammam
2026-08-09 03:18,job@topazgulf.com,Topaz Gulf,Job Application – Operations Coordinator – Jubail
2026-08-09 03:20,info@narges.com.sa,Narges,Job Application – Operations Coordinator – Riyadh,ok
2026-08-09 03:49,bassam@sgeme.com,SGEM,Job Application – Operations Coordinator – Riyadh,ok
2026-08-09 04:18,info@gfsxpress.com,GFS Express,Job Application – Logistics Coordinator – Buraydah,ok
2026-08-09 04:18,recruitment@aldowayan.com,Aldowayan,Job Application – Operations Coordinator – Dammam,ok
2026-08-09 04:19,jobs@alarabgroup.com.sa,Al Arab Group,Job Application – Operations Coordinator – Riyadh,ok
2026-08-09 04:20,job@mabani.com.sa,Mabani,Job Application – Operations Engineer – Jeddah,ok
2026-08-09 04:20,career@norfex.sa,Norfex Contracting,Job Application – Operations Engineer – Al Khobar,ok
2026-08-09 04:48,career@yub.com.sa,YUB,Job Application – Operations Coordinator – Riyadh,ok
2026-08-09 05:15,hr.cv@riyadhluxurylive.com,Riyadh Luxury Live,Job Application – Operations Coordinator – Riyadh,ok
2026-08-09 05:15,hr@bconsult.com.sa,BConsult,Job Application – Industrial Engineer – Riyadh,ok
2026-08-09 05:17,hr@daralcode.com,Dar Al Code,Job Application – Industrial Engineer – Riyadh,ok
2026-08-09 05:17,hr@espressoculture.sa,Espresso Culture,Job Application – Operations Coordinator – Riyadh,ok
2026-08-09 05:17,hr@sukoon.com.sa,Sukoon IECC,Job Application – Operations Coordinator – Jeddah,ok
2026-08-09 05:18,hr@sctrd2.com,Specialized Day Care Center,Job Application – Operations Coordinator – Riyadh,ok
2026-08-09 05:18,career@orangepharmacy.sa,Orange Pharmacy,Job Application – Operations Coordinator – Riyadh,ok
2026-08-09 05:44,recruitment@defaflogistics.com,Defa Logistics,Job Application – Logistics Coordinator – Jeddah,ok
2026-08-09 05:44,hrksa.foodservice@transmed.com,Transmed KSA,Job Application – Operations Coordinator – Riyadh,ok
2026-08-09 05:45,hr@address-group.com,Address Group,Job Application – Operations Coordinator – Riyadh,ok
2026-08-09 05:45,careers@aljasser-group.net,Al Jasser Group,Job Application – Process / Operations Engineer – Riyadh,ok
2026-08-09 05:45,careers@almuaina.com,Al Muaina,Job Application – Operations Coordinator – Dammam,ok
2026-08-09 05:46,masheilalhamlaji@bfco.sa,BFCO,Job Application – Operations Coordinator – Jubail,ok
2026-08-09 05:46,careers.ksa@alyasra.com,Alyasra Foods,Job Application – Operations Coordinator – Riyadh,ok
2026-08-09 06:13,recruitment@alinco.com.sa,Alinco,Job Application – Operations Coordinator – Riyadh,ok
2026-08-09 06:42,recruitment.ksa@redtag.ae,RedTag KSA,Job Application – Operations Coordinator – Al Khobar,ok
2026-08-09 07:14,careers@najdroads.com.sa,Najd Roads,Job Application – Operations Coordinator – Riyadh,ok
2026-08-09 07:14,jobs@fbs.com.sa,FBS,Job Application – Operations Coordinator – Jeddah,ok
2026-08-09 07:14,hr@ingaz.com.sa,Ingaz Holding,Job Application – Operations Coordinator – Riyadh,ok
2026-08-09 07:15,info@aiedco.com,Aiedco,Job Application – Operations Coordinator – Tabuk,ok
2026-08-09 07:15,tm.ayanalghamdi@modernmills.com.sa,Modern Mills,Job Application – Operations Coordinator – Jeddah,ok
2026-08-09 07:16,hr_talent@alfalahauto.net,Al Falah Auto,Job Application – Operations Coordinator – Riyadh,ok
2026-08-09 07:16,hr@balancelab.sa,Balance Lab,Job Application – Operations Coordinator – Jeddah,ok
2026-08-09 07:16,careers@araamis.com,Araamis,Job Application – Operations Coordinator – Riyadh,ok
2026-08-09 07:17,careers@slf-sa.com,SLF,Job Application – Operations Coordinator – Riyadh,ok
2026-08-09 07:17,reception.ksa@leaders-fort.com,Leaders Fort,Job Application – Industrial Engineer – Riyadh,ok
2026-08-09 07:43,hr1@allureclinics.net,Allure Clinics,Job Application – Operations Coordinator – Riyadh,ok
2026-08-09 07:43,hr.department@nwbus.sa,NWBUS,Job Application – Operations Coordinator – Makkah,ok
2026-08-09 07:44,jobs@olivearabia.com,Olive Arabia,Job Application – Operations Coordinator – Jeddah,ok
2026-08-09 07:44,nourah@hamat-bs.com,Hamat Business Services,Job Application – Operations Coordinator – Riyadh,ok
2026-08-09 07:44,careers.ksa@gandour.com,Gandour,Job Application – Operations Coordinator – Jeddah,ok
2026-08-09 07:45,tariq@kazsa.net,KAZSA,Job Application – Operations Coordinator – Riyadh,ok
2026-08-09 07:45,career@ladun.sa,Ladun,Job Application – Operations Coordinator – Riyadh,ok
2026-08-09 07:45,jobs@luxuryksa.com,Luxury KSA,Job Application – Operations Coordinator – Riyadh,ok
2026-08-09 07:46,hr@excellia.sa,Excellia,Job Application – Operations Coordinator – Riyadh,ok
2026-08-09 07:46,careers@v3international.com,V3 International,Job Application – Operations Coordinator – Riyadh,ok
2026-08-09 10:01,jobs@mawaridcom.com,Mawarid Communications,Job Application – Operations Coordinator – Riyadh,ok
2026-08-09 10:02,careers@hodaithy.com,Hodaithy,Job Application – Operations Coordinator – Al Khobar,ok
2026-08-09 10:02,jobs@awanre.com,AWAN Real Estate,Job Application – Operations Coordinator – Dammam,ok
2026-08-09 10:02,careers.im@pg.com,pg.com,Job Application – Industrial Engineer / Operations – Pg,ok
2026-08-09 10:03,khobar-jobs@ic.edu.sa,International Technical College,Job Application – Operations Coordinator – Al Khobar,ok
2026-08-09 10:03,hr2@albassem.com.sa,Albassem,Job Application – Operations Coordinator – Riyadh,ok
2026-08-09 10:04,jobsksa@eandenterpriseksa.sa,e& enterprise KSA,Job Application – Operations Coordinator – Riyadh,ok
2026-08-09 10:04,oalshehri@esnad-emdad.sa,Esnad Emdad,Job Application – Operations Coordinator – Riyadh,ok
2026-08-09 10:05,jobs@alibinali.sa,Ali Bin Ali,Job Application – Operations Coordinator – Riyadh,ok
2026-08-09 10:05,job2@yunitco.com.sa,YUNIGREEN,Job Application – Operations Coordinator – Jeddah,ok
2026-08-09 10:05,abdulrahman.alrubaysh@abwaab.com,Abwaab,Job Application – Operations Coordinator – Riyadh,ok
2026-08-09 10:31,fatimah.zubaidi@zultec.com,Zultec,Job Application – Process / Operations Engineer – Jeddah,ok
2026-08-09 10:31,careers@modern-electronics.com,Modern Electronics,Job Application – Operations Coordinator – Riyadh,ok
2026-08-09 10:32,hiring@suplift.com,Suplift,Job Application – Operations Coordinator – Riyadh,ok
2026-08-09 10:32,nasser@masharee.com.sa,Masharee Real Estate,Job Application – Operations Coordinator – Riyadh,ok
2026-08-09 10:32,jobs@aeco.com.sa,AECO,Job Application – Operations Coordinator – Riyadh,ok
2026-08-09 10:33,s.alqablan@yr-global.com,YR Global,Job Application – Operations Coordinator – Riyadh,ok
2026-08-09 10:33,career@houseofmeasurement.sa,House of Measurement,Job Application – Operations Coordinator – Riyadh,ok
2026-08-09 10:34,hr@alrakeen.sa,Al Ra'keen,Job Application – Operations Coordinator – Riyadh,ok
2026-08-09 10:34,hr@aknan-group.com,Aknan Group,Job Application – Industrial Engineer – Jeddah,ok
2026-08-09 10:34,careers@sayeghwater.com,Sayegh Water,Job Application – Operations Coordinator – Madinah,ok
2026-08-09 19:39,careers@jash.com.sa,JASH Holdings,Job Application – Operations Coordinator – Riyadh,ok
2026-08-09 19:40,cv@marsoom.net,Marsoom,Job Application – Operations Coordinator – Al Khobar,ok
2026-08-09 19:40,hr.department@alhakbanigroup.com,Al Hakbani Group,Job Application – Operations Coordinator – Riyadh,ok
2026-08-09 19:41,job@otc.com.sa,OTC,Job Application – Operations Coordinator – Riyadh,ok
2026-08-09 19:41,bader.alghamdi@othaimmarkets.com,Othaim Markets,Job Application – Operations Coordinator – Riyadh,ok
2026-08-09 19:41,careers@esnadcontracting.com,Esnad Contracting,Job Application – Operations Coordinator – Riyadh,ok
2026-08-09 19:42,hr-job@zomangroup.com,Zoman Group,Job Application – Operations Coordinator – Dammam,ok
2026-08-09 19:42,hrsupport5@arabian-homes.com.sa,Arabian Homes,Job Application – Operations Coordinator – Riyadh,ok
2026-08-09 19:42,hr@rentmycar.sa,Rent My Car,Job Application – Operations Coordinator – Riyadh,ok
2026-08-09 19:43,talent@bazsteel.com,Baz Steel,Job Application – Process / Operations Engineer – Jeddah,ok
2026-08-09 20:08,3pl@tamergroup.com,tamergroup.com,Job Application – Industrial Engineer / Operations – Tamergroup,tailored:engineer:ok
2026-08-09 20:08,jobs@bec-cs.com,BEC Concrete Solutions,Job Application – Operations Engineer – Riyadh,ok
2026-08-09 20:09,recruitment@bluerays.sa,Blue Rays,Job Application – Operations Coordinator – Riyadh,ok
2026-08-09 20:09,a.alshammari@sasref.com.sa,sasref.com.sa,Job Application – Industrial Engineer / Operations – Sasref,tailored:engineer:ok
2026-08-09 20:09,cv@fadensa.com,Fadensa,Job Application – Operations Coordinator – Riyadh,ok
2026-08-09 20:10,career@goldenchicken.com.sa,Golden Chicken,Job Application – Operations Coordinator – Abha,ok
2026-08-09 20:10,aali@saccompany.com.sa,saccompany.com.sa,Job Application – Industrial Engineer / Operations – Saccompany,tailored:engineer:ok
2026-08-09 20:10,jobs@8ozcafe.com,8oz Cafe,Job Application – Operations Coordinator – Dammam,ok
2026-08-09 20:10,careers@thuriah.com.sa,Thuriah,Job Application – Operations Coordinator – Riyadh,ok
2026-08-09 20:11,aasali@sal.sa,sal.sa,Job Application – Industrial Engineer / Operations – Sal,tailored:engineer:ok
2026-08-09 20:11,hr@alkhaleejy-group.com,Al Khaleejy Group,Job Application – Operations Coordinator – Jeddah,ok
2026-08-09 20:11,hr.newaljedaani@aljedani.com,Al Jedani Group,Job Application – Operations Coordinator – Jeddah,ok
2026-08-09 20:11,abdulla.shaaban@bureauveritas.com,bureauveritas.com,Job Application – Industrial Engineer / Operations – Bureauveritas,tailored:engineer:ok
2026-08-09 20:12,career@daminbroker.com,Damin Broker,Job Application – Operations Coordinator – Riyadh,ok
2026-08-09 20:12,jobs.ruh@aldar-alraedah.com,Al Dar Al Raedah,Job Application – Operations Coordinator – Riyadh,ok
2026-08-09 20:12,abeer.baabbad@chalhoub.com,chalhoub.com,Job Application – Industrial Engineer / Operations – Chalhoub,tailored:engineer:ok
2026-08-09 20:13,ahcjobs@al-hoty.com,al-hoty.com,Job Application – Industrial Engineer / Operations – Al-Hoty,tailored:engineer:ok
2026-08-09 20:14,ahmed@ghazioverseas.sa.com,ghazioverseas.sa.com,Job Application – Industrial Engineer / Operations – Ghazioverseas,tailored:engineer:ok
2026-08-09 20:15,akelco@akel.com.sa,akel.com.sa,Job Application – Industrial Engineer / Operations – Akel,tailored:engineer:ok
2026-08-09 20:16,al.alshaikh@bonyan.sa,bonyan.sa,Job Application – Industrial Engineer / Operations – Bonyan,tailored:engineer:ok
2026-08-09 20:38,hr@powertower.com.sa,Power Tower for Energy,Job Application – Operations Coordinator – Jeddah,ok
2026-08-09 20:38,hr@mcgc.com.sa,MCGC (Modern Oil Mills GC),Job Application – Operations Coordinator – Jeddah,ok
2026-08-09 20:42,apmms@atco.com.sa,atco.com.sa,Job Application – Industrial Engineer / Operations – Atco,tailored:engineer:ok
2026-08-09 20:43,apply@gemseducation.com,gemseducation.com,Job Application – Industrial Engineer / Operations – Gemseducation,tailored:engineer:ok
2026-08-09 20:44,applyassistance@danaher.com,danaher.com,Job Application – Industrial Engineer / Operations – Danaher,tailored:engineer:ok
2026-08-09 20:44,arabiatalent@savola.com,savola.com,Job Application – Industrial Engineer / Operations – Savola,tailored:engineer:ok
2026-08-09 20:45,aramco-jobs@aramcoasia.com,aramcoasia.com,Job Application – Industrial Engineer / Operations – Aramcoasia,tailored:engineer:ok
2026-08-09 20:46,are@alrabiah.com.sa,alrabiah.com.sa,Job Application – Industrial Engineer / Operations – Alrabiah,tailored:engineer:ok
2026-08-09 20:47,ask@riyadhpharma.com,riyadhpharma.com,Job Application – Industrial Engineer / Operations – Riyadhpharma,tailored:engineer:ok
2026-08-09 20:48,bandaraldheek@anan.com.sa,anan.com.sa,Job Application – Industrial Engineer / Operations – Anan,tailored:engineer:ok
2026-08-09 20:49,bdm@ditrc.com,ditrc.com,Job Application – Industrial Engineer / Operations – Ditrc,tailored:engineer:ok
2026-08-09 20:49,care@jarir.com,jarir.com,Job Application – Industrial Engineer / Operations – Jarir,tailored:engineer:ok
2026-08-09 21:15,care@naqel.com.sa,naqel.com.sa,Job Application – Industrial Engineer / Operations – Naqel,tailored:engineer:ok
2026-08-09 21:16,career.dmm@sghgroup.net,sghgroup.net,Job Application – Industrial Engineer / Operations – Sghgroup,tailored:engineer:ok
2026-08-09 21:17,career.saudiarabia@kaefer.com,kaefer.com,Job Application – Industrial Engineer / Operations – Kaefer,tailored:engineer:ok
2026-08-09 21:18,career@almanahospital.com.sa,almanahospital.com.sa,Job Application – Industrial Engineer / Operations – Almanahospital,tailored:engineer:ok
2026-08-09 21:19,career@daminbroker.com,daminbroker.com,Job Application – Industrial Engineer / Operations – Daminbroker,tailored:engineer:ok
2026-08-09 21:19,career@goldenchicken.com.sa,goldenchicken.com.sa,Job Application – Industrial Engineer / Operations – Goldenchicken,tailored:engineer:ok
2026-08-09 21:20,career@hyundai.mynaghi.com,hyundai.mynaghi.com,Job Application – Industrial Engineer / Operations – Hyundai,tailored:engineer:ok
2026-08-09 21:21,career@mouwasat.com,mouwasat.com,Job Application – Industrial Engineer / Operations – Mouwasat,tailored:engineer:ok
2026-08-09 21:22,career@mrbme.com,mrbme.com,Job Application – Industrial Engineer / Operations – Mrbme,tailored:engineer:ok
2026-08-09 21:23,career@shawarmer.com,shawarmer.com,Job Application – Industrial Engineer / Operations – Shawarmer,tailored:engineer:ok
2026-08-09 21:49,career@sidco.com.sa,sidco.com.sa,Job Application – Industrial Engineer / Operations – Sidco,tailored:engineer:ok
2026-08-09 21:50,career@trukker.com,trukker.com,Job Application – Industrial Engineer / Operations – Trukker,tailored:engineer:ok
2026-08-09 21:50,careers.ksa@akzonobel.com,akzonobel.com,Job Application – Industrial Engineer / Operations – Akzonobel,tailored:engineer:ok
2026-08-09 21:51,careers@aathar.sa,aathar.sa,Job Application – Industrial Engineer / Operations – Aathar,tailored:engineer:ok
2026-08-09 21:52,careers@acts-group.com,acts-group.com,Job Application – Industrial Engineer / Operations – Acts-Group,tailored:engineer:ok
2026-08-09 21:53,careers@alhudaifhr.com,alhudaifhr.com,Job Application – Industrial Engineer / Operations – Alhudaifhr,tailored:engineer:ok
2026-08-09 21:54,careers@alkhodari.com,alkhodari.com,Job Application – Industrial Engineer / Operations – Alkhodari,tailored:engineer:ok
2026-08-09 21:55,careers@almarai.com,almarai.com,Job Application – Industrial Engineer / Operations – Almarai,tailored:engineer:ok
2026-08-09 21:55,careers@almosafer.com,almosafer.com,Job Application – Industrial Engineer / Operations – Almosafer,tailored:engineer:ok
2026-08-09 21:56,careers@almurjanhospital.com,almurjanhospital.com,Job Application – Industrial Engineer / Operations – Almurjanhospital,tailored:engineer:ok
2026-08-09 22:22,careers@aloula.com,aloula.com,Job Application – Industrial Engineer / Operations – Aloula,tailored:engineer:ok
2026-08-09 22:23,careers@alrashed.com,alrashed.com,Job Application – Industrial Engineer / Operations – Alrashed,tailored:engineer:ok
2026-08-09 22:24,careers@arabiancementcompany.com,arabiancementcompany.com,Job Application – Industrial Engineer / Operations – Arabiancementcompany,tailored:engineer:ok
2026-08-09 22:25,careers@aramco.com,aramco.com,Job Application – Industrial Engineer / Operations – Aramco,tailored:engineer:ok
2026-08-09 22:26,careers@becarabia.com,becarabia.com,Job Application – Industrial Engineer / Operations – Becarabia,tailored:engineer:ok
2026-08-09 22:26,careers@chedihegra.com,chedihegra.com,Job Application – Industrial Engineer / Operations – Chedihegra,tailored:engineer:ok
2026-08-09 22:27,careers@dallah-hospital.com,dallah-hospital.com,Job Application – Industrial Engineer / Operations – Dallah-Hospital,tailored:engineer:ok
2026-08-09 22:28,careers@dnata.com,dnata.com,Job Application – Industrial Engineer / Operations – Dnata,tailored:engineer:ok
2026-08-09 22:29,careers@gccwalkin.com,gccwalkin.com,Job Application – Industrial Engineer / Operations – Gccwalkin,tailored:engineer:ok
2026-08-09 22:30,careers@globaledventures.co.uk,globaledventures.co.uk,Job Application – Industrial Engineer / Operations – Globaledventures,tailored:engineer:ok
2026-08-09 23:03,careers@ihrcanada.com,ihrcanada.com,Job Application – Industrial Engineer / Operations – Ihrcanada,tailored:engineer:ok
2026-08-09 23:03,careers@innosoft.sa,innosoft.sa,Job Application – Industrial Engineer / Operations – Innosoft,tailored:engineer:ok
2026-08-09 23:05,careers@jarir.com,jarir.com,Job Application – Industrial Engineer / Operations – Jarir,tailored:engineer:ok
2026-08-10 23:07,careers@jhah.com,jhah.com,Job Application – Industrial Engineer / Operations – Jhah,tailored:engineer:pdf:engineer:3364b
2026-08-10 23:08,careers@jobswind.com,jobswind.com,Job Application – Industrial Engineer / Operations – Jobswind,tailored:engineer:pdf:engineer:3364b
2026-08-10 23:09,careers@kfshrc.edu.sa,kfshrc.edu.sa,Job Application – Industrial Engineer / Operations – Kfshrc,tailored:engineer:pdf:engineer:3364b
2026-08-10 23:11,careers@maaden.com.sa,maaden.com.sa,Job Application – Industrial Engineer / Operations – Maaden,tailored:chemical:pdf:chemical:3353b
2026-08-10 23:11,careers@maffire.com,maffire.com,Job Application – Industrial Engineer / Operations – Maffire,tailored:engineer:pdf:engineer:3364b
2026-08-10 23:12,careers@nahdi.com,nahdi.com,Job Application – Industrial Engineer / Operations – Nahdi,tailored:engineer:pdf:engineer:3364b
2026-08-10 23:13,careers@nesr.com,nesr.com,Job Application – Industrial Engineer / Operations – Nesr,tailored:engineer:pdf:engineer:3364b
2026-08-10 23:14,careers@parsons.com,parsons.com,Job Application – Industrial Engineer / Operations – Parsons,tailored:engineer:pdf:engineer:3364b
2026-08-10 23:15,careers@qaiwangroup.com,qaiwangroup.com,Job Application – Industrial Engineer / Operations – Qaiwangroup,tailored:tech:pdf:tech:3323b
2026-08-10 23:16,careers@safari.com.sa,safari.com.sa,Job Application – Industrial Engineer / Operations – Safari,tailored:engineer:pdf:engineer:3364b
2026-08-10 23:16,careers@saucebossksa.com,saucebossksa.com,Job Application – Industrial Engineer / Operations – Saucebossksa,tailored:engineer:pdf:engineer:3364b
2026-08-10 23:17,careers@stc.com.sa,stc.com.sa,Job Application – Industrial Engineer / Operations – Stc,tailored:tech:pdf:tech:3323b
2026-08-11 01:45,careers@tamimiengineering.com,tamimiengineering.com,Job Application – Industrial Engineer / Operations – Tamimiengineering,tailored:food:pdf:food:3326b
2026-08-11 01:46,careers@teacherhorizons.com,teacherhorizons.com,Job Application – Industrial Engineer / Operations – Teacherhorizons,tailored:engineer:pdf:engineer:3344b
2026-08-11 01:48,careers@tgps.pk,tgps.pk,Job Application – Industrial Engineer / Operations – Tgps,tailored:engineer:pdf:engineer:3344b
2026-08-11 01:48,careers@zain.com,zain.com,Job Application – Industrial Engineer / Operations – Zain,tailored:tech:pdf:tech:3308b
2026-08-11 01:49,catcosa@catcosa.com,catcosa.com,Job Application – Industrial Engineer / Operations – Catcosa,tailored:manufactur:pdf:manufactur:3316b
2026-08-11,careers@zain.com,zain.com,Job Application – Industrial Engineer / Operations – Zain,test3:SENT
2026-08-11,careers@tamimiengineering.com,tamimiengineering.com,Job Application – Industrial Engineer / Operations – Tamimiengineering,test3:SENT
2026-08-11,cs@bindawood.com,bindawood.com,Job Application – Industrial Engineer / Operations – Bindawood,test3:SENT
2026-08-11 01:56,central@binomairah.com,binomairah.com,Job Application – Industrial Engineer / Operations – Binomairah,tailored:oil:pdf:oil:3329b
2026-08-11 01:57,chrisresto@blueprinttalent.com,blueprinttalent.com,Job Application – Industrial Engineer / Operations – Blueprinttalent,tailored:tech:pdf:tech:3308b
2026-08-11 01:58,clientmiddleeast@michaelpage.ae,michaelpage.ae,Job Application – Industrial Engineer / Operations – Michaelpage,tailored:engineer:pdf:engineer:3344b
2026-08-11 01:59,corporate@alrashed.com,alrashed.com,Job Application – Industrial Engineer / Operations – Alrashed,tailored:construct:pdf:construct:3296b
2026-08-11 02:00,crm3@saco-ksa.com,saco-ksa.com,Job Application – Industrial Engineer / Operations – Saco-Ksa,tailored:engineer:pdf:engineer:3344b
2026-08-11 02:00,crm@saco-ksa.com,saco-ksa.com,Job Application – Industrial Engineer / Operations – Saco-Ksa,tailored:engineer:pdf:engineer:3344b
2026-08-11 02:01,customer.service@saudipaper.com,saudipaper.com,Job Application – Industrial Engineer / Operations – Saudipaper,tailored:engineer:pdf:engineer:3344b
2026-08-11 02:02,customercare@panda.com.sa,panda.com.sa,Job Application – Industrial Engineer / Operations – Panda,tailored:retail:pdf:retail:3316b
2026-08-11 02:03,customerservice@alrajhitakaful.com,alrajhitakaful.com,Job Application – Industrial Engineer / Operations – Alrajhitakaful,tailored:finance:pdf:finance:3308b
2026-08-11 02:04,customerservice@tamimimarkets.com,tamimimarkets.com,Job Application – Industrial Engineer / Operations – Tamimimarkets,tailored:food:pdf:food:3326b
2026-08-11 02:05,cv@aldawaa.com.sa,aldawaa.com.sa,Job Application – Industrial Engineer / Operations – Aldawaa,tailored:health:pdf:health:3349b
2026-08-11 02:06,cv@alfransi.com.sa,alfransi.com.sa,Job Application – Industrial Engineer / Operations – Alfransi,tailored:finance:pdf:finance:3308b
2026-08-11 02:06,cv@alrajhibank.com.sa,alrajhibank.com.sa,Job Application – Industrial Engineer / Operations – Alrajhibank,tailored:finance:pdf:finance:3308b
2026-08-11 02:07,cv@arabianfal.com,arabianfal.com,Job Application – Industrial Engineer / Operations – Arabianfal,tailored:manufactur:pdf:manufactur:3316b
2026-08-11 02:08,cv@striveoverseas.com,striveoverseas.com,Job Application – Industrial Engineer / Operations – Striveoverseas,tailored:engineer:pdf:engineer:3344b
2026-08-11 02:10,cv@tafear.com,tafear.com,Job Application – Industrial Engineer / Operations – Tafear,tailored:engineer:pdf:engineer:3344b
2026-08-11 02:11,dpo@sal.sa,sal.sa,Job Application – Industrial Engineer / Operations – Sal,tailored:engineer:pdf:engineer:3344b
2026-08-11 02:11,elrahma@elrahma-hr.com,elrahma-hr.com,Job Application – Industrial Engineer / Operations – Elrahma-Hr,tailored:health:pdf:health:3349b
2026-08-11 02:12,freight@anc-log.sa,anc-log.sa,Job Application – Industrial Engineer / Operations – Anc-Log,tailored:logistics:pdf:logistics:3381b
2026-08-11 02:13,hameed@saspserve.com,saspserve.com,Job Application – Industrial Engineer / Operations – Saspserve,tailored:engineer:pdf:engineer:3344b
2026-08-11 02:14,hello@alromansiah.com,alromansiah.com,Job Application – Industrial Engineer / Operations – Alromansiah,tailored:food:pdf:food:3326b
2026-08-11 02:15,hiring@bulkjob.in,bulkjob.in,Job Application – Industrial Engineer / Operations – Bulkjob,tailored:logistics:pdf:logistics:3381b
2026-08-11 02:16,hr.dsfhr@fakeeh.care,fakeeh.care,Job Application – Industrial Engineer / Operations – Fakeeh,tailored:health:pdf:health:3349b
2026-08-11 02:17,hr.middleeast@aecom.com,aecom.com,Job Application – Industrial Engineer / Operations – Aecom,tailored:construct:pdf:construct:3296b
2026-08-11 02:17,hr.phc@drsulaimanalhabib.com,drsulaimanalhabib.com,Job Application – Industrial Engineer / Operations – Drsulaimanalhabib,tailored:health:pdf:health:3349b
2026-08-11 02:18,hr@adesgroup.com,adesgroup.com,Job Application – Industrial Engineer / Operations – Adesgroup,tailored:oil:pdf:oil:3329b
2026-08-11 02:19,hr@alhudaifhr.com,alhudaifhr.com,Job Application – Industrial Engineer / Operations – Alhudaifhr,tailored:construct:pdf:construct:3296b
2026-08-11 02:20,hr@aqwase.com,aqwase.com,Job Application – Industrial Engineer / Operations – Aqwase,tailored:construct:pdf:construct:3296b
2026-08-11 02:21,hr@arabiancement.com,arabiancement.com,Job Application – Industrial Engineer / Operations – Arabiancement,tailored:construct:pdf:construct:3296b
2026-08-11 02:22,hr@asbisme.ae,asbisme.ae,Job Application – Industrial Engineer / Operations – Asbisme,tailored:tech:pdf:tech:3308b
2026-08-11 02:22,hr@binharkil.com,binharkil.com,Job Application – Industrial Engineer / Operations – Binharkil,tailored:construct:pdf:construct:3296b
2026-08-11 02:23,hr@gemseducation.com,gemseducation.com,Job Application – Industrial Engineer / Operations – Gemseducation,tailored:finance:pdf:finance:3308b
2026-08-11 02:24,hr@gulftekarabia.com,gulftekarabia.com,Job Application – Industrial Engineer / Operations – Gulftekarabia,tailored:retail:pdf:retail:3316b
2026-08-11 02:25,hr@herfy.com.sa,herfy.com.sa,Job Application – Industrial Engineer / Operations – Herfy,tailored:engineer:pdf:engineer:3344b
2026-08-11 02:26,hr@mukoun.com.sa,mukoun.com.sa,Job Application – Industrial Engineer / Operations – Mukoun,tailored:engineer:pdf:engineer:3344b
2026-08-11 02:27,hr@saraya.sa,saraya.sa,Job Application – Industrial Engineer / Operations – Saraya,tailored:engineer:pdf:engineer:3344b
2026-08-11 02:28,hr@saudia.com,saudia.com,Job Application – Industrial Engineer / Operations – Saudia,tailored:engineer:pdf:engineer:3344b
2026-08-11 02:28,hr@saudischools.com,saudischools.com,Job Application – Industrial Engineer / Operations – Saudischools,tailored:finance:pdf:finance:3308b
2026-08-11 02:29,hr@sisco.com.sa,sisco.com.sa,Job Application – Industrial Engineer / Operations – Sisco,tailored:engineer:pdf:engineer:3344b
2026-08-11 02:30,hr@stc.com.sa,stc.com.sa,Job Application – Industrial Engineer / Operations – Stc,tailored:tech:pdf:tech:3308b
2026-08-11 02:31,hr@unicoil.com.sa,unicoil.com.sa,Job Application – Industrial Engineer / Operations – Unicoil,tailored:oil:pdf:oil:3329b
2026-08-11 02:32,hrd@alahsahospital.com.sa,alahsahospital.com.sa,Job Application – Industrial Engineer / Operations – Alahsahospital,tailored:health:pdf:health:3349b
2026-08-11 02:33,hrd@mbtc.com.sa,mbtc.com.sa,Job Application – Industrial Engineer / Operations – Mbtc,tailored:engineer:pdf:engineer:3344b
2026-08-11 02:34,hrdepartmental@sa.yokogawa.com,sa.yokogawa.com,Job Application – Industrial Engineer / Operations – Sa,tailored:engineer:pdf:engineer:3344b
2026-08-11 02:34,human.resources@redseahousing.com,redseahousing.com,Job Application – Industrial Engineer / Operations – Redseahousing,tailored:engineer:pdf:engineer:3344b
2026-08-11 02:35,humanresources@obeidhospital.org,obeidhospital.org,Job Application – Industrial Engineer / Operations – Obeidhospital,tailored:health:pdf:health:3349b
2026-08-11 02:36,i.atassi@artar.com.sa,artar.com.sa,Job Application – Industrial Engineer / Operations – Artar,tailored:construct:pdf:construct:3296b
2026-08-11 02:37,infoksa@acts-int.com,acts-int.com,Job Application – Industrial Engineer / Operations – Acts-Int,tailored:construct:pdf:construct:3296b
2026-08-11 02:38,infos@sisco.com.sa,sisco.com.sa,Job Application – Industrial Engineer / Operations – Sisco,tailored:engineer:pdf:engineer:3344b
2026-08-11 02:39,jasarapmc@jobs.workablemail.com,jobs.workablemail.com,Job Application – Industrial Engineer / Operations – Jobs,tailored:tech:pdf:tech:3308b
2026-08-11 02:39,job@almoosahospital.com.sa,almoosahospital.com.sa,Job Application – Industrial Engineer / Operations – Almoosahospital,tailored:health:pdf:health:3349b
2026-08-11 02:40,job@herfy.com,herfy.com,Job Application – Industrial Engineer / Operations – Herfy,tailored:engineer:pdf:engineer:3344b
2026-08-11 02:41,jobs@almajdouie.com,almajdouie.com,Job Application – Industrial Engineer / Operations – Almajdouie,tailored:logistics:pdf:logistics:3381b
2026-08-11 02:42,jobs@alyousufent.com,alyousufent.com,Job Application – Industrial Engineer / Operations – Alyousufent,tailored:retail:pdf:retail:3316b
2026-08-11 02:43,jobs@arvindglobal.com,arvindglobal.com,Job Application – Industrial Engineer / Operations – Arvindglobal,tailored:retail:pdf:retail:3316b
2026-08-11 02:44,jobs@ayk.global,ayk.global,Job Application – Industrial Engineer / Operations – Ayk,tailored:finance:pdf:finance:3308b
2026-08-11 02:45,jobs@binajinah.com,binajinah.com,Job Application – Industrial Engineer / Operations – Binajinah,tailored:construct:pdf:construct:3296b
2026-08-11 02:46,jobs@emerald-isle.com,emerald-isle.com,Job Application – Industrial Engineer / Operations – Emerald-Isle,tailored:hospitality:pdf:hospitality:3301b
2026-08-11 02:46,jobs@hirejubail.com,hirejubail.com,Job Application – Industrial Engineer / Operations – Hirejubail,tailored:tech:pdf:tech:3308b
2026-08-11 02:47,jobs@jalint.com.sa,jalint.com.sa,Job Application – Industrial Engineer / Operations – Jalint,tailored:engineer:pdf:engineer:3344b
2026-08-11 02:48,jobs@m2reducation.com,m2reducation.com,Job Application – Industrial Engineer / Operations – M2Reducation,tailored:finance:pdf:finance:3308b
2026-08-11 02:49,jobs@metco.com.sa,metco.com.sa,Job Application – Industrial Engineer / Operations – Metco,tailored:engineer:pdf:engineer:3344b
2026-08-11 02:50,jobs@miskschools.edu.sa,miskschools.edu.sa,Job Application – Industrial Engineer / Operations – Miskschools,tailored:finance:pdf:finance:3308b
2026-08-11 02:51,jobs@nesma.com,nesma.com,Job Application – Industrial Engineer / Operations – Nesma,tailored:engineer:pdf:engineer:3344b
2026-08-11 02:52,jobs@ramzunited.com,ramzunited.com,Job Application – Industrial Engineer / Operations – Ramzunited,tailored:tech:pdf:tech:3308b
2026-08-11 02:53,jobs@saco-ksa.com,saco-ksa.com,Job Application – Industrial Engineer / Operations – Saco-Ksa,tailored:engineer:pdf:engineer:3344b
2026-08-11 02:54,jobs@saudigerman.com,saudigerman.com,Job Application – Industrial Engineer / Operations – Saudigerman,tailored:engineer:pdf:engineer:3344b
2026-08-11 02:55,jobs@sghgroup.net,sghgroup.net,Job Application – Industrial Engineer / Operations – Sghgroup,tailored:engineer:pdf:engineer:3344b
2026-08-11 02:56,juffali@eajb.com.sa,eajb.com.sa,Job Application – Industrial Engineer / Operations – Eajb,tailored:finance:pdf:finance:3308b
2026-08-11 02:57,jw@seekteachers.com,seekteachers.com,Job Application – Industrial Engineer / Operations – Seekteachers,tailored:engineer:pdf:engineer:3344b
2026-08-11 02:58,kbr-amcdehr@kbr.com,kbr.com,Job Application – Industrial Engineer / Operations – Kbr,tailored:engineer:pdf:engineer:3344b
2026-08-11 02:59,klc.hr@alkafaa.com,alkafaa.com,Job Application – Industrial Engineer / Operations – Alkafaa,tailored:manufactur:pdf:manufactur:3316b
2026-08-11 03:01,kuagh.hr@hyatt.com,hyatt.com,Job Application – Industrial Engineer / Operations – Hyatt,tailored:engineer:pdf:engineer:3344b
2026-08-11 03:02,linajebril@alibaba-inc.com,alibaba-inc.com,Job Application – Industrial Engineer / Operations – Alibaba-Inc,tailored:tech:pdf:tech:3308b
2026-08-11 03:03,mail@alandalus.com.sa,alandalus.com.sa,Job Application – Industrial Engineer / Operations – Alandalus,tailored:retail:pdf:retail:3316b
2026-08-11 03:04,malmanghy@panda.com.sa,panda.com.sa,Job Application – Industrial Engineer / Operations – Panda,tailored:retail:pdf:retail:3316b
2026-08-11 03:06,marketing.np@nesma.com,nesma.com,Job Application – Industrial Engineer / Operations – Nesma,tailored:engineer:pdf:engineer:3344b
2026-08-11 03:07,middleeast@naukrigulf.com,naukrigulf.com,Job Application – Industrial Engineer / Operations – Naukrigulf,tailored:engineer:pdf:engineer:3344b
2026-08-11 03:08,n.alsohaibani@salehiya.com,salehiya.com,Job Application – Industrial Engineer / Operations – Salehiya,tailored:engineer:pdf:engineer:3344b
2026-08-11 03:09,nationalizationteam@almarai.com,almarai.com,Job Application – Industrial Engineer / Operations – Almarai,tailored:food:pdf:food:3326b
2026-08-11 03:10,oalkhunaizi@darwaemaar.com,darwaemaar.com,Job Application – Industrial Engineer / Operations – Darwaemaar,tailored:construct:pdf:construct:3296b
2026-08-11 03:11,pomsm_hr@hilton.com,hilton.com,Job Application – Industrial Engineer / Operations – Hilton,tailored:engineer:pdf:engineer:3344b
2026-08-11 03:12,qcc@qcc.com.sa,qcc.com.sa,Job Application – Industrial Engineer / Operations – Qcc,tailored:engineer:pdf:engineer:3344b
2026-08-11 03:13,qiddiya-investment-company-1@jobs.workablemail.com,jobs.workablemail.com,Job Application – Industrial Engineer / Operations – Jobs,tailored:tech:pdf:tech:3308b
2026-08-11 03:14,ran.recruiter@alarabi92.com,alarabi92.com,Job Application – Industrial Engineer / Operations – Alarabi92,tailored:retail:pdf:retail:3316b
2026-08-11 03:15,rec@alojaimi.com,alojaimi.com,Job Application – Industrial Engineer / Operations – Alojaimi,tailored:retail:pdf:retail:3316b
2026-08-11 03:16,recruit@farm.com.sa,farm.com.sa,Job Application – Industrial Engineer / Operations – Farm,tailored:food:pdf:food:3326b
2026-08-11 03:16,recruiting.ksa@mcdermott.com,mcdermott.com,Job Application – Industrial Engineer / Operations – Mcdermott,tailored:engineer:pdf:engineer:3344b
2026-08-11 03:17,recruitment@abunayyanholding.com,abunayyanholding.com,Job Application – Industrial Engineer / Operations – Abunayyanholding,tailored:engineer:pdf:engineer:3344b
2026-08-11 03:18,recruitment@al-kabeer.com,al-kabeer.com,Job Application – Industrial Engineer / Operations – Al-Kabeer,tailored:food:pdf:food:3326b
2026-08-11 03:19,recruitment@algihaz.com,algihaz.com,Job Application – Industrial Engineer / Operations – Algihaz,tailored:construct:pdf:construct:3296b
2026-08-11 03:20,recruitment@alguthmi.com,alguthmi.com,Job Application – Industrial Engineer / Operations – Alguthmi,tailored:food:pdf:food:3326b
2026-08-11 03:21,recruitment@almoosahospital.com.sa,almoosahospital.com.sa,Job Application – Industrial Engineer / Operations – Almoosahospital,tailored:health:pdf:health:3349b
2026-08-11 03:21,recruitment@alrajhibank.com.sa,alrajhibank.com.sa,Job Application – Industrial Engineer / Operations – Alrajhibank,tailored:finance:pdf:finance:3308b
2026-08-11 03:22,recruitment@aytb.com,aytb.com,Job Application – Industrial Engineer / Operations – Aytb,tailored:engineer:pdf:engineer:3344b
2026-08-11 03:23,recruitment@batook.com,batook.com,Job Application – Industrial Engineer / Operations – Batook,tailored:retail:pdf:retail:3316b
2026-08-11 03:24,recruitment@chalhoub.com,chalhoub.com,Job Application – Industrial Engineer / Operations – Chalhoub,tailored:retail:pdf:retail:3316b
2026-08-11 03:25,recruitment@citycement.sa,citycement.sa,Job Application – Industrial Engineer / Operations – Citycement,tailored:construct:pdf:construct:3296b
2026-08-11 03:26,recruitment@epc-ksa.com,epc-ksa.com,Job Application – Industrial Engineer / Operations – Epc-Ksa,tailored:construct:pdf:construct:3296b
2026-08-11 03:26,recruitment@eramtalent.com,eramtalent.com,Job Application – Industrial Engineer / Operations – Eramtalent,tailored:tech:pdf:tech:3308b
2026-08-11 03:27,recruitment@flowpl.com,flowpl.com,Job Application – Industrial Engineer / Operations – Flowpl,tailored:manufactur:pdf:manufactur:3316b
2026-08-11 03:28,recruitment@flynas.com,flynas.com,Job Application – Industrial Engineer / Operations – Flynas,tailored:oil:pdf:oil:3329b
2026-08-11 03:29,recruitment@jesco.com.sa,jesco.com.sa,Job Application – Industrial Engineer / Operations – Jesco,tailored:engineer:pdf:engineer:3344b
2026-08-11 03:30,recruitment@luberef.com,luberef.com,Job Application – Industrial Engineer / Operations – Luberef,tailored:oil:pdf:oil:3329b
2026-08-11 03:31,recruitment@marafiq.com,marafiq.com,Job Application – Industrial Engineer / Operations – Marafiq,tailored:engineer:pdf:engineer:3344b
2026-08-11 03:31,recruitment@marafiq.com.sa,marafiq.com.sa,Job Application – Industrial Engineer / Operations – Marafiq,tailored:engineer:pdf:engineer:3344b
2026-08-11 03:32,recruitment@mobily.com.sa,mobily.com.sa,Job Application – Industrial Engineer / Operations – Mobily,tailored:tech:pdf:tech:3308b
2026-08-11 03:33,recruitment@nadarestaurants.com,nadarestaurants.com,Job Application – Industrial Engineer / Operations – Nadarestaurants,tailored:engineer:pdf:engineer:3344b
2026-08-11 03:34,recruitment@qasmiinternational.com,qasmiinternational.com,Job Application – Industrial Engineer / Operations – Qasmiinternational,tailored:engineer:pdf:engineer:3344b
2026-08-11 03:35,recruitment@rawabiholding.com,rawabiholding.com,Job Application – Industrial Engineer / Operations – Rawabiholding,tailored:engineer:pdf:engineer:3344b
2026-08-11 03:36,recruitment@riyadhair.com,riyadhair.com,Job Application – Industrial Engineer / Operations – Riyadhair,tailored:tech:pdf:tech:3308b
2026-08-11 03:37,recruitment@sabic.com,sabic.com,Job Application – Industrial Engineer / Operations – Sabic,tailored:chemical:pdf:chemical:3329b
2026-08-11 03:37,recruitment@savola.com,savola.com,Job Application – Industrial Engineer / Operations – Savola,tailored:food:pdf:food:3326b
2026-08-11 03:38,recruitment@seder.sa,seder.sa,Job Application – Industrial Engineer / Operations – Seder,tailored:engineer:pdf:engineer:3344b
2026-08-11 03:39,recruitment@shadeco.com,shadeco.com,Job Application – Industrial Engineer / Operations – Shadeco,tailored:engineer:pdf:engineer:3344b
2026-08-11 03:40,recruitment@sraco.com.sa,sraco.com.sa,Job Application – Industrial Engineer / Operations – Sraco,tailored:engineer:pdf:engineer:3344b
2026-08-11 03:41,recruitment@tes.com,tes.com,Job Application – Industrial Engineer / Operations – Tes,tailored:engineer:pdf:engineer:3344b
2026-08-11 03:42,recruitment@wecareksa.com,wecareksa.com,Job Application – Industrial Engineer / Operations – Wecareksa,tailored:engineer:pdf:engineer:3344b
2026-08-11 03:42,recruitment@yanbucement.com,yanbucement.com,Job Application – Industrial Engineer / Operations – Yanbucement,tailored:construct:pdf:construct:3296b
2026-08-11 03:43,s.alwadi@nhc.sa,nhc.sa,Job Application – Industrial Engineer / Operations – Nhc,tailored:engineer:pdf:engineer:3344b
2026-08-11 03:44,sacjobs@chevron.com,chevron.com,Job Application – Industrial Engineer / Operations – Chevron,tailored:oil:pdf:oil:3329b
2026-08-11 03:45,salma.moharam@andalusiagroup.net,andalusiagroup.net,Job Application – Industrial Engineer / Operations – Andalusiagroup,tailored:retail:pdf:retail:3316b
2026-08-11 03:46,saudi.jobs@naqel.com.sa,naqel.com.sa,Job Application – Industrial Engineer / Operations – Naqel,tailored:engineer:pdf:engineer:3344b
2026-08-11 03:47,saudiarabia@naukrigulf.com,naukrigulf.com,Job Application – Industrial Engineer / Operations – Naukrigulf,tailored:engineer:pdf:engineer:3344b
2026-08-11 03:47,scw@saudconsult.com,saudconsult.com,Job Application – Industrial Engineer / Operations – Saudconsult,tailored:engineer:pdf:engineer:3344b
2026-08-11 03:48,shakawa@salla.sa,salla.sa,Job Application – Industrial Engineer / Operations – Salla,tailored:engineer:pdf:engineer:3344b
2026-08-11 03:49,shaker@andalusiagroup.net,andalusiagroup.net,Job Application – Industrial Engineer / Operations – Andalusiagroup,tailored:retail:pdf:retail:3316b
2026-08-11 03:50,siec@siec.com.sa,siec.com.sa,Job Application – Industrial Engineer / Operations – Siec,tailored:engineer:pdf:engineer:3344b
2026-08-11 03:51,sourcing2@menalimited.com,menalimited.com,Job Application – Industrial Engineer / Operations – Menalimited,tailored:construct:pdf:construct:3296b
2026-08-11 03:52,talent.acquisition@drsulaimanalhabib.com,drsulaimanalhabib.com,Job Application – Industrial Engineer / Operations – Drsulaimanalhabib,tailored:health:pdf:health:3349b
2026-08-11 03:53,talent@indpt.com,indpt.com,Job Application – Industrial Engineer / Operations – Indpt,tailored:engineer:pdf:engineer:3344b
2026-08-11 03:53,tcc@tcc.com.sa,tcc.com.sa,Job Application – Industrial Engineer / Operations – Tcc,tailored:engineer:pdf:engineer:3344b
2026-08-11 03:54,test@x.com,x.com,Job Application – Industrial Engineer / Operations – X,tailored:engineer:pdf:engineer:3344b
2026-08-11 03:55,transport@aldrees.com,aldrees.com,Job Application – Industrial Engineer / Operations – Aldrees,tailored:oil:pdf:oil:3329b
2026-08-11 03:56,valvolineglobalcareers@valvolineglobal.com,valvolineglobal.com,Job Application – Industrial Engineer / Operations – Valvolineglobal,tailored:engineer:pdf:engineer:3344b
2026-08-11 03:57,wadaef2019@abdulla-fouad.com,abdulla-fouad.com,Job Application – Industrial Engineer / Operations – Abdulla-Fouad,tailored:oil:pdf:oil:3329b
2026-08-11 03:58,wadaef@gtecorp.com,gtecorp.com,Job Application – Industrial Engineer / Operations – Gtecorp,tailored:engineer:pdf:engineer:3344b
2026-08-11 03:58,wecare@othaimmarkets.com,othaimmarkets.com,Job Application – Industrial Engineer / Operations – Othaimmarkets,tailored:tech:pdf:tech:3308b
2026-08-11 03:59,ymohammed@innovest.com.sa,innovest.com.sa,Job Application – Industrial Engineer / Operations – Innovest,tailored:engineer:pdf:engineer:3344b
2026-08-11 04:01,hr.recruit@ataa.sa,ataa.sa,Job Application – Industrial Engineer / Operations – Ataa,tailored:engineer:pdf:engineer:3344b
2026-08-11 04:01,hr@jorn.sa,jorn.sa,Job Application – Industrial Engineer / Operations – Jorn,tailored:engineer:pdf:engineer:3344b
2026-08-11 04:02,talents@roastinghouse.sa,roastinghouse.sa,Job Application – Industrial Engineer / Operations – Roastinghouse,tailored:engineer:pdf:engineer:3344b
2026-08-11 04:03,jobs@ideal-precast.com,ideal-precast.com,Job Application – Industrial Engineer / Operations – Ideal-Precast,tailored:engineer:pdf:engineer:3344b
2026-08-11 04:04,jobs@adeceng.com,adeceng.com,Job Application – Industrial Engineer / Operations – Adeceng,tailored:engineer:pdf:engineer:3344b
2026-08-11 04:05,hiring@nasco.com.sa,nasco.com.sa,Job Application – Industrial Engineer / Operations – Nasco,tailored:engineer:pdf:engineer:3344b
2026-08-11 04:06,career@mc4.com.sa,mc4.com.sa,Job Application – Industrial Engineer / Operations – Mc4,tailored:engineer:pdf:engineer:3344b
2026-08-11 04:07,jobs@ajarglobal.com,ajarglobal.com,Job Application – Industrial Engineer / Operations – Ajarglobal,tailored:engineer:pdf:engineer:3344b
2026-08-11 04:08,jobs@shiftinc.com,shiftinc.com,Job Application – Industrial Engineer / Operations – Shiftinc,tailored:engineer:pdf:engineer:3344b
2026-08-11 04:08,ralmalki@ntco.sa,ntco.sa,Job Application – Industrial Engineer / Operations – Ntco,tailored:engineer:pdf:engineer:3344b
2026-08-11 04:09,career@alif.sa,alif.sa,Job Application – Industrial Engineer / Operations – Alif,tailored:engineer:pdf:engineer:3344b
2026-08-11 04:10,career@purity.sa,purity.sa,Job Application – Industrial Engineer / Operations – Purity,tailored:engineer:pdf:engineer:3344b
2026-08-11 04:11,anan@gialearning.com,gialearning.com,Job Application – Industrial Engineer / Operations – Gialearning,tailored:engineer:pdf:engineer:3344b
2026-08-11 04:12,hr@arabiangates.com,arabiangates.com,Job Application – Industrial Engineer / Operations – Arabiangates,tailored:engineer:pdf:engineer:3344b
2026-08-11 04:13,abrar.alkhalifa@marriott.com,marriott.com,Job Application – Industrial Engineer / Operations – Marriott,tailored:engineer:pdf:engineer:3344b
2026-08-11 04:13,recruitment@fipco.com.sa,fipco.com.sa,Job Application – Industrial Engineer / Operations – Fipco,tailored:engineer:pdf:engineer:3344b
2026-08-11 04:14,rec@shugan.com.sa,shugan.com.sa,Job Application – Industrial Engineer / Operations – Shugan,tailored:engineer:pdf:engineer:3344b
2026-08-11 04:15,jobs@cz-center.com,cz-center.com,Job Application – Industrial Engineer / Operations – Cz-Center,tailored:engineer:pdf:engineer:3344b
2026-08-11 04:16,awatef.soliman@crc-scan.com,crc-scan.com,Job Application – Industrial Engineer / Operations – Crc-Scan,tailored:engineer:pdf:engineer:3344b
2026-08-11 04:17,recruitment@rajhiawqaf.org,rajhiawqaf.org,Job Application – Industrial Engineer / Operations – Rajhiawqaf,tailored:engineer:pdf:engineer:3344b
2026-08-11 04:18,hr@promech.com.sa,promech.com.sa,Job Application – Industrial Engineer / Operations – Promech,tailored:engineer:pdf:engineer:3344b
2026-08-11 04:19,jobs@fphc.sa,fphc.sa,Job Application – Industrial Engineer / Operations – Fphc,tailored:engineer:pdf:engineer:3344b
2026-08-11 04:19,hr@sa.kingdomre.com,sa.kingdomre.com,Job Application – Industrial Engineer / Operations – Sa,tailored:engineer:pdf:engineer:3344b
2026-08-11 04:20,recruitment@tadreesholding.com,tadreesholding.com,Job Application – Industrial Engineer / Operations – Tadreesholding,tailored:engineer:pdf:engineer:3344b
2026-08-11 04:21,hr@ebinhadi.com,ebinhadi.com,Job Application – Industrial Engineer / Operations – Ebinhadi,tailored:engineer:pdf:engineer:3344b
2026-08-11 04:22,raneem.alamri@ahcl.com.sa,ahcl.com.sa,Job Application – Industrial Engineer / Operations – Ahcl,tailored:engineer:pdf:engineer:3344b
2026-08-11 04:23,jobs@ksasmc.com,ksasmc.com,Job Application – Industrial Engineer / Operations – Ksasmc,tailored:engineer:pdf:engineer:3344b
2026-08-11 04:24,abeer.karkdan@alfarabilabs.com,alfarabilabs.com,Job Application – Industrial Engineer / Operations – Alfarabilabs,tailored:engineer:pdf:engineer:3344b
2026-08-11 04:25,recruitmentksa@leaderhealthcaregroup.com,leaderhealthcaregroup.com,Job Application – Industrial Engineer / Operations – Leaderhealthcaregroup,tailored:health:pdf:health:3349b
2026-08-11 04:26,alarabia.hr@acbc.sa,acbc.sa,Job Application – Industrial Engineer / Operations – Acbc,tailored:engineer:pdf:engineer:3344b
2026-08-11 04:26,jobs@gnp.com.sa,gnp.com.sa,Job Application – Industrial Engineer / Operations – Gnp,tailored:engineer:pdf:engineer:3344b
2026-08-11 04:27,recruitment@pbic.com.sa,pbic.com.sa,Job Application – Industrial Engineer / Operations – Pbic,tailored:engineer:pdf:engineer:3344b
2026-08-11 04:28,careers@mafas.com,mafas.com,Job Application – Industrial Engineer / Operations – Mafas,tailored:engineer:pdf:engineer:3344b
2026-08-11 04:29,career.ksa@alghanim.com,alghanim.com,Job Application – Industrial Engineer / Operations – Alghanim,tailored:engineer:pdf:engineer:3344b
2026-08-11 04:30,hr1@waleem.com.sa,waleem.com.sa,Job Application – Industrial Engineer / Operations – Waleem,tailored:engineer:pdf:engineer:3344b
2026-08-11 04:31,recruitment@motamakena.com,motamakena.com,Job Application – Industrial Engineer / Operations – Motamakena,tailored:engineer:pdf:engineer:3344b
2026-08-11 04:31,recruitment.center@alqotr.sa,alqotr.sa,Job Application – Industrial Engineer / Operations – Alqotr,tailored:engineer:pdf:engineer:3344b
2026-08-11 04:32,jobs@waraq.com,waraq.com,Job Application – Industrial Engineer / Operations – Waraq,tailored:engineer:pdf:engineer:3344b
2026-08-11 04:33,careers@bcc-sa.com,bcc-sa.com,Job Application – Industrial Engineer / Operations – Bcc-Sa,tailored:engineer:pdf:engineer:3344b
2026-08-11 04:34,h.r@injaztec.com,injaztec.com,Job Application – Industrial Engineer / Operations – Injaztec,tailored:engineer:pdf:engineer:3344b
2026-08-11 04:35,careers@itb.com.sa,itb.com.sa,Job Application – Industrial Engineer / Operations – Itb,tailored:engineer:pdf:engineer:3344b
2026-08-11 04:36,careers@alkathiriholding.com,alkathiriholding.com,Job Application – Industrial Engineer / Operations – Alkathiriholding,tailored:engineer:pdf:engineer:3344b
2026-08-11 04:36,hr@eng-arc.com,eng-arc.com,Job Application – Industrial Engineer / Operations – Eng-Arc,tailored:engineer:pdf:engineer:3344b
2026-08-11 04:37,jobs.ksa@saint-gobain.com,saint-gobain.com,Job Application – Industrial Engineer / Operations – Saint-Gobain,tailored:engineer:pdf:engineer:3344b
2026-08-11 04:38,hr@ahc-cpa.sa,ahc-cpa.sa,Job Application – Industrial Engineer / Operations – Ahc-Cpa,tailored:engineer:pdf:engineer:3344b
2026-08-11 04:39,careers@rayanadvanced.com.sa,rayanadvanced.com.sa,Job Application – Industrial Engineer / Operations – Rayanadvanced,tailored:engineer:pdf:engineer:3344b
2026-08-11 04:40,jobs@symphony.sa,symphony.sa,Job Application – Industrial Engineer / Operations – Symphony,tailored:engineer:pdf:engineer:3344b
2026-08-11 04:41,career@vision.edu.sa,vision.edu.sa,Job Application – Industrial Engineer / Operations – Vision,tailored:engineer:pdf:engineer:3344b
2026-08-11 04:42,recruitment@adeco.com.sa,adeco.com.sa,Job Application – Industrial Engineer / Operations – Adeco,tailored:engineer:pdf:engineer:3344b
2026-08-11 04:42,careers@waseel.com,waseel.com,Job Application – Industrial Engineer / Operations – Waseel,tailored:engineer:pdf:engineer:3344b
2026-08-11 04:43,hr.riyadh@hussainrental.com,hussainrental.com,Job Application – Industrial Engineer / Operations – Hussainrental,tailored:engineer:pdf:engineer:3344b
2026-08-11 04:44,al-bustan.hr@al-bustan.net.sa,al-bustan.net.sa,Job Application – Industrial Engineer / Operations – Al-Bustan,tailored:engineer:pdf:engineer:3344b
2026-08-11 04:45,hr@purepolymers.net,purepolymers.net,Job Application – Industrial Engineer / Operations – Purepolymers,tailored:engineer:pdf:engineer:3344b
2026-08-11 04:46,job@rfd.com.sa,rfd.com.sa,Job Application – Industrial Engineer / Operations – Rfd,tailored:engineer:pdf:engineer:3344b
2026-08-11 04:47,career@qbcsa.com,qbcsa.com,Job Application – Industrial Engineer / Operations – Qbcsa,tailored:engineer:pdf:engineer:3344b
2026-08-11 04:47,careers.ruh@aljanoub.sa,aljanoub.sa,Job Application – Industrial Engineer / Operations – Aljanoub,tailored:engineer:pdf:engineer:3344b
2026-08-11 04:48,jobs@swag.com.sa,swag.com.sa,Job Application – Industrial Engineer / Operations – Swag,tailored:engineer:pdf:engineer:3344b
2026-08-11 04:49,hr@kayanhorizon.com,kayanhorizon.com,Job Application – Industrial Engineer / Operations – Kayanhorizon,tailored:engineer:pdf:engineer:3344b
2026-08-11 04:50,jobs@specialist.com.sa,specialist.com.sa,Job Application – Industrial Engineer / Operations – Specialist,tailored:engineer:pdf:engineer:3344b
2026-08-11 04:51,hr.hiring@aljazera.com,aljazera.com,Job Application – Industrial Engineer / Operations – Aljazera,tailored:engineer:pdf:engineer:3344b
2026-08-11 04:52,careers@astraconst.com.sa,astraconst.com.sa,Job Application – Industrial Engineer / Operations – Astraconst,tailored:engineer:pdf:engineer:3344b
2026-08-11 04:52,hiring@majdgroup.sa,majdgroup.sa,Job Application – Industrial Engineer / Operations – Majdgroup,tailored:engineer:pdf:engineer:3344b
2026-08-11 04:53,jobs@tania.sa,tania.sa,Job Application – Industrial Engineer / Operations – Tania,tailored:engineer:pdf:engineer:3344b
2026-08-11 04:54,jobs@aessco.com.sa,aessco.com.sa,Job Application – Industrial Engineer / Operations – Aessco,tailored:engineer:pdf:engineer:3344b
2026-08-11 04:55,career@aaq.com.sa,aaq.com.sa,Job Application – Industrial Engineer / Operations – Aaq,tailored:engineer:pdf:engineer:3344b
2026-08-11 04:56,jobs@miniso.sa,miniso.sa,Job Application – Industrial Engineer / Operations – Miniso,tailored:engineer:pdf:engineer:3344b
2026-08-11 04:57,omniaelshamy@sis.net.sa,sis.net.sa,Job Application – Industrial Engineer / Operations – Sis,tailored:engineer:pdf:engineer:3344b
2026-08-11 04:58,apply@connectsaudi.com,connectsaudi.com,Job Application – Industrial Engineer / Operations – Connectsaudi,tailored:engineer:pdf:engineer:3344b
2026-08-11 04:58,hr@hsksa.net,hsksa.net,Job Application – Industrial Engineer / Operations – Hsksa,tailored:engineer:pdf:engineer:3344b
2026-08-11 04:59,nawaf.mohammed@innovahc.com,innovahc.com,Job Application – Industrial Engineer / Operations – Innovahc,tailored:engineer:pdf:engineer:3344b
2026-08-11 05:00,smsajobs@smsaexpress.com,smsaexpress.com,Job Application – Industrial Engineer / Operations – Smsaexpress,tailored:engineer:pdf:engineer:3344b
2026-08-11 05:01,job@foamco.com.sa,foamco.com.sa,Job Application – Industrial Engineer / Operations – Foamco,tailored:engineer:pdf:engineer:3344b
2026-08-11 05:02,recruitment@sulalat.com,sulalat.com,Job Application – Industrial Engineer / Operations – Sulalat,tailored:engineer:pdf:engineer:3344b
2026-08-11 05:03,careers@natcom.com.sa,natcom.com.sa,Job Application – Industrial Engineer / Operations – Natcom,tailored:engineer:pdf:engineer:3344b
2026-08-11 05:04,almuflih@archer-investments.com,archer-investments.com,Job Application – Industrial Engineer / Operations – Archer-Investments,tailored:engineer:pdf:engineer:3344b
2026-08-11 05:04,hr@mispay.co,mispay.co,Job Application – Industrial Engineer / Operations – Mispay,tailored:engineer:pdf:engineer:3344b
2026-08-11 05:05,hr@rajhi.com.sa,rajhi.com.sa,Job Application – Industrial Engineer / Operations – Rajhi,tailored:engineer:pdf:engineer:3344b
2026-08-11 05:06,recruitment@tarfeehfakieh.com,tarfeehfakieh.com,Job Application – Industrial Engineer / Operations – Tarfeehfakieh,tailored:engineer:pdf:engineer:3344b
2026-08-11 05:07,recruitment@saudibrothers.com,saudibrothers.com,Job Application – Industrial Engineer / Operations – Saudibrothers,tailored:engineer:pdf:engineer:3344b
2026-08-11 05:08,ibrahim.alqahtani@apave.com,apave.com,Job Application – Industrial Engineer / Operations – Apave,tailored:engineer:pdf:engineer:3344b
2026-08-11 05:09,careers@4horizons.com.sa,4horizons.com.sa,Job Application – Industrial Engineer / Operations – 4Horizons,tailored:engineer:pdf:engineer:3344b
2026-08-11 05:09,hr@hand.sa,hand.sa,Job Application – Industrial Engineer / Operations – Hand,tailored:engineer:pdf:engineer:3344b
2026-08-11 05:10,career@alramsat.com,alramsat.com,Job Application – Industrial Engineer / Operations – Alramsat,tailored:engineer:pdf:engineer:3344b
2026-08-11 05:11,info@aafsaudi.com,aafsaudi.com,Job Application – Industrial Engineer / Operations – Aafsaudi,tailored:engineer:pdf:engineer:3344b
2026-08-11 05:12,hr@rakaez.sa,rakaez.sa,Job Application – Industrial Engineer / Operations – Rakaez,tailored:engineer:pdf:engineer:3344b
2026-08-11 05:13,hr.info@madagypsum.com,madagypsum.com,Job Application – Industrial Engineer / Operations – Madagypsum,tailored:engineer:pdf:engineer:3344b
2026-08-11 05:14,hr@saqifa-alrowad.com,saqifa-alrowad.com,Job Application – Industrial Engineer / Operations – Saqifa-Alrowad,tailored:engineer:pdf:engineer:3344b
2026-08-11 05:14,hassani@rose-aljazera.com,rose-aljazera.com,Job Application – Industrial Engineer / Operations – Rose-Aljazera,tailored:engineer:pdf:engineer:3344b
2026-08-11 05:15,hr@iota-sa.com,iota-sa.com,Job Application – Industrial Engineer / Operations – Iota-Sa,tailored:engineer:pdf:engineer:3344b
2026-08-11 05:16,m.shaot@motoon.com.sa,motoon.com.sa,Job Application – Industrial Engineer / Operations – Motoon,tailored:engineer:pdf:engineer:3344b
2026-08-11 05:17,careers-ksa@savills.sa,savills.sa,Job Application – Industrial Engineer / Operations – Savills,tailored:engineer:pdf:engineer:3344b
2026-08-11 05:18,hr@whoatea.com,whoatea.com,Job Application – Industrial Engineer / Operations – Whoatea,tailored:engineer:pdf:engineer:3344b
2026-08-11 05:19,jobs@silah.sa,silah.sa,Job Application – Industrial Engineer / Operations – Silah,tailored:engineer:pdf:engineer:3344b
2026-08-11 05:19,b.alrwishad@sidq.sa,sidq.sa,Job Application – Industrial Engineer / Operations – Sidq,tailored:engineer:pdf:engineer:3344b
2026-08-11 05:20,hissah@tobysestateme.com,tobysestateme.com,Job Application – Industrial Engineer / Operations – Tobysestateme,tailored:engineer:pdf:engineer:3344b
2026-08-11 05:21,recruitment@etmam-sa.com,etmam-sa.com,Job Application – Industrial Engineer / Operations – Etmam-Sa,tailored:engineer:pdf:engineer:3344b
2026-08-11 05:22,rawan@ancoonline.com,ancoonline.com,Job Application – Industrial Engineer / Operations – Ancoonline,tailored:engineer:pdf:engineer:3344b
2026-08-11 05:23,jobs@sasec.com.sa,sasec.com.sa,Job Application – Industrial Engineer / Operations – Sasec,tailored:engineer:pdf:engineer:3344b
2026-08-11 05:24,hiring@bcc.com.sa,bcc.com.sa,Job Application – Industrial Engineer / Operations – Bcc,tailored:engineer:pdf:engineer:3344b
2026-08-11 05:25,hr@rta3mer.com,rta3mer.com,Job Application – Industrial Engineer / Operations – Rta3Mer,tailored:engineer:pdf:engineer:3344b
