recipient_email,company,role,city,client_id,evidence_type,public_job_url
career-ksa@groupeseb.com,Groupeseb,Promoter Position,,1,,
info@redcaviation.com,Redcaviation,Industrial Engineering / Operations Role,,3,verified_contact,
info@ssc-hr.com,Ssc Hr,Logistics & Supply Chain Manager (Jeddah),,3,verified_contact,
info@jasarapmc.com,Jasarapmc,Logistics / Supply Chain Application,,1,,
info@tascoutsourcing.com,Tascoutsourcing,Supply Coordinator / Supply Chain (Riyadh),,3,verified_contact,
accessteams22@gmail.com,,Logistics Position at Gmail,,1,,
alroshaninternational2026@gmail.com,,Logistics and Operations Position,,1,,
automotive05.slg@gmail.com,,Expressed Interest in Logistics Position at Gmail,,1,,
arvind2gcc@gmail.com,,Operations Role at Gmail,,1,,
info@nabatat.com.sa,Nabatat,Operations / Procurement Engineer,,1,,
info@saudireadymix.com.sa,Saudireadymix,Industrial Engineer / Operations & Logistics,,3,verified_contact,
info@maadaniyah.com,Maadaniyah,Industrial Engineer / Operations,,3,verified_contact,
info@saudicable.com,Saudicable,Industrial / Production Engineer,,1,,
info@petromin.com,Petromin,Supply Chain / Operations Engineer,,1,,
info@jamjoompharma.com,Jamjoompharma,Supply Chain / Production Engineer,,1,,
info@tabukpharmaceuticals.com,Tabukpharmaceuticals,Industrial Engineer / Operations,,1,,
info@nupco.com,Nupco,Logistics and Operations Position at NUPCO (Saudi Arabia),,2,verified_contact,
info@riyadhairports.com,Riyadhairports,Logistics/Operations Position,,2,verified_contact,
info@thiqah.sa,Thiqah,Logistics Position at Thiqah Business Services,,1,,
support@nana.sa,Nana,Logistics Position in Saudi Arabia,,1,,
info@spimaco.sa,Spimaco,Logistics and Operations Position at SPIMACO Addwaeih,,2,verified_contact,
info@nesmapartners.com,Nesmapartners,Logistics/Operations Position at Nesma & Partners,,2,verified_contact,
info@sipco.com.sa,Sipco,Logistics/Operations Role at SIPCO (Saudi Arabia),,2,verified_contact,
info@najrancement.com,Najrancement,Industrial Engineering Graduate - Application (Industrial Engineer / Production & Process),,1,,
info@yasref.com,Yasref,Industrial Engineering Graduate - Application (Industrial / Process Engineer),,1,,
info@saned.com.sa,Saned,Industrial Engineering Graduate - Application (Industrial / Operations Engineer),,1,,
info@wood.com,Wood,Industrial Engineering Graduate - Application (Graduate Industrial / Process Engineer),,1,,
info@saudiceramics.com,Saudiceramics,Industrial Engineer / Operations,,1,,
info@mep.co,Mep,Industrial Engineer / Operations,,1,,
info@metito.com,Metito,Industrial Engineer / Operations,,1,,
info@sirc.sa,Sirc,Industrial Engineer / Operations,,1,,
info@zahid.com,Zahid,Industrial Engineer / Operations,,1,,
info@hirejubail.com,Hirejubail,Industrial Engineer (Process Optimization),,1,,
hradmin@gulftekarabia.com,Gulftekarabia,RE: Application – Estimation / Industrial Engineer (Dammam),,1,,
apply.company40@gmail.com,,Industrial Engineer (all nationalities),,1,,
sp.enviroment@hotmail.com,,Industrial Engineer (West Region),,1,,
jobs@coffeebeansksa.com,Coffeebeansksa,Job Application – Operations Coordinator – Riyadh,,1,,
recruitment.ksa@naffco.com,Naffco,Job Application – Operations Coordinator – Riyadh,,1,,
info@alqunini.com,Alqunini,Job Application – Operations Coordinator – Riyadh,,1,,
info@realm-sa.com,Realm Sa,Job Application – Industrial Engineer – Jeddah,,1,,
hr@almotawa.com,Almotawa,Job Application – Operations Coordinator – Dammam,,1,,
careers@clariant-tamimi.com,Clariant Tamimi,Job Application – Industrial Engineer – Al Khobar,,1,,
admin@aamcosa.com,Aamcosa,Job Application – Operations Coordinator – Dammam,,1,,
job@topazgulf.com,Topazgulf,Job Application – Operations Coordinator – Jubail,,1,,
info@narges.com.sa,Narges,Job Application – Operations Coordinator – Riyadh,,1,,
bassam@sgeme.com,Sgeme,Job Application – Operations Coordinator – Riyadh,,1,,
info@gfsxpress.com,Gfsxpress,Job Application – Logistics Coordinator – Buraydah,,1,,
recruitment@aldowayan.com,Aldowayan,Job Application – Operations Coordinator – Dammam,,1,,
jobs@alarabgroup.com.sa,Alarabgroup,Job Application – Operations Coordinator – Riyadh,,1,,
job@mabani.com.sa,Mabani,Job Application – Operations Engineer – Jeddah,,1,,
career@norfex.sa,Norfex,Job Application – Operations Engineer – Al Khobar,,1,,
career@yub.com.sa,Yub,Job Application – Operations Coordinator – Riyadh,,1,,
hr.cv@riyadhluxurylive.com,Riyadhluxurylive,Job Application – Operations Coordinator – Riyadh,,1,,
hr@bconsult.com.sa,Bconsult,Job Application – Industrial Engineer – Riyadh,,1,,
hr@daralcode.com,Daralcode,Job Application – Industrial Engineer – Riyadh,,1,,
hr@espressoculture.sa,Espressoculture,Job Application – Operations Coordinator – Riyadh,,1,,
hr@sukoon.com.sa,Sukoon,Job Application – Operations Coordinator – Jeddah,,1,,
hr@sctrd2.com,Sctrd2,Job Application – Operations Coordinator – Riyadh,,1,,
career@orangepharmacy.sa,Orangepharmacy,Job Application – Operations Coordinator – Riyadh,,1,,
recruitment@defaflogistics.com,Defaflogistics,Job Application – Logistics Coordinator – Jeddah,,1,,
hrksa.foodservice@transmed.com,Transmed,Job Application – Operations Coordinator – Riyadh,,1,,
hr@address-group.com,Address Group,Job Application – Operations Coordinator – Riyadh,,1,,
careers@almuaina.com,Almuaina,Job Application – Operations Coordinator – Dammam,,1,,
masheilalhamlaji@bfco.sa,Bfco,Job Application – Operations Coordinator – Jubail,,1,,
recruitment@alinco.com.sa,Alinco,Job Application – Operations Coordinator – Riyadh,,1,,
recruitment.ksa@redtag.ae,Redtag,Job Application – Operations Coordinator – Al Khobar,,1,,
careers@najdroads.com.sa,Najdroads,Job Application – Operations Coordinator – Riyadh,,1,,
jobs@fbs.com.sa,Fbs,Job Application – Operations Coordinator – Jeddah,,1,,
hr@ingaz.com.sa,Ingaz,Job Application – Operations Coordinator – Riyadh,,1,,
info@aiedco.com,Aiedco,Job Application – Operations Coordinator – Tabuk,,1,,
tm.ayanalghamdi@modernmills.com.sa,Modernmills,Job Application – Operations Coordinator – Jeddah,,1,,
hr_talent@alfalahauto.net,Alfalahauto,Job Application – Operations Coordinator – Riyadh,,1,,
hr@balancelab.sa,Balancelab,Job Application – Operations Coordinator – Jeddah,,1,,
careers@araamis.com,Araamis,Job Application – Operations Coordinator – Riyadh,,1,,
careers@slf-sa.com,Slf Sa,Job Application – Operations Coordinator – Riyadh,,1,,
reception.ksa@leaders-fort.com,Leaders Fort,Job Application – Industrial Engineer – Riyadh,,1,,
hr1@allureclinics.net,Allureclinics,Job Application – Operations Coordinator – Riyadh,,1,,
hr.department@nwbus.sa,Nwbus,Job Application – Operations Coordinator – Makkah,,1,,
jobs@olivearabia.com,Olivearabia,Job Application – Operations Coordinator – Jeddah,,1,,
nourah@hamat-bs.com,Hamat Bs,Job Application – Operations Coordinator – Riyadh,,1,,
careers.ksa@gandour.com,Gandour,Job Application – Operations Coordinator – Jeddah,,1,,
tariq@kazsa.net,Kazsa,Job Application – Operations Coordinator – Riyadh,,1,,
career@ladun.sa,Ladun,Job Application – Operations Coordinator – Riyadh,,1,,
jobs@luxuryksa.com,Luxuryksa,Job Application – Operations Coordinator – Riyadh,,1,,
hr@excellia.sa,Excellia,Job Application – Operations Coordinator – Riyadh,,1,,
careers@v3international.com,V3International,Job Application – Operations Coordinator – Riyadh,,1,,
jobs@mawaridcom.com,Mawaridcom,Job Application – Operations Coordinator – Riyadh,,1,,
careers@hodaithy.com,Hodaithy,Job Application – Operations Coordinator – Al Khobar,,1,,
jobs@awanre.com,Awanre,Job Application – Operations Coordinator – Dammam,,1,,
careers.im@pg.com,Pg,Job Application – Industrial Engineer / Operations – Pg,,1,,
khobar-jobs@ic.edu.sa,Ic,Job Application – Operations Coordinator – Al Khobar,,1,,
jobsksa@eandenterpriseksa.sa,Eandenterpriseksa,Job Application – Operations Coordinator – Riyadh,,1,,
oalshehri@esnad-emdad.sa,Esnad Emdad,Job Application – Operations Coordinator – Riyadh,,1,,
jobs@alibinali.sa,Alibinali,Job Application – Operations Coordinator – Riyadh,,1,,
job2@yunitco.com.sa,Yunitco,Job Application – Operations Coordinator – Jeddah,,1,,
abdulrahman.alrubaysh@abwaab.com,Abwaab,Job Application – Operations Coordinator – Riyadh,,1,,
careers@modern-electronics.com,Modern Electronics,Job Application – Operations Coordinator – Riyadh,,1,,
hiring@suplift.com,Suplift,Job Application – Operations Coordinator – Riyadh,,1,,
nasser@masharee.com.sa,Masharee,Job Application – Operations Coordinator – Riyadh,,1,,
jobs@aeco.com.sa,Aeco,Job Application – Operations Coordinator – Riyadh,,1,,
s.alqablan@yr-global.com,Yr Global,Job Application – Operations Coordinator – Riyadh,,1,,
career@houseofmeasurement.sa,Houseofmeasurement,Job Application – Operations Coordinator – Riyadh,,1,,
hr@alrakeen.sa,Alrakeen,Job Application – Operations Coordinator – Riyadh,,1,,
hr@aknan-group.com,Aknan Group,Job Application – Industrial Engineer – Jeddah,,1,,
careers@sayeghwater.com,Sayeghwater,Job Application – Operations Coordinator – Madinah,,1,,
careers@jash.com.sa,Jash,Job Application – Operations Coordinator – Riyadh,,1,,
cv@marsoom.net,Marsoom,Job Application – Operations Coordinator – Al Khobar,,1,,
hr.department@alhakbanigroup.com,Alhakbanigroup,Job Application – Operations Coordinator – Riyadh,,1,,
job@otc.com.sa,Otc,Job Application – Operations Coordinator – Riyadh,,1,,
bader.alghamdi@othaimmarkets.com,Othaimmarkets,Job Application – Operations Coordinator – Riyadh,,1,,
hr-job@zomangroup.com,Zomangroup,Job Application – Operations Coordinator – Dammam,,1,,
hrsupport5@arabian-homes.com.sa,Arabian Homes,Job Application – Operations Coordinator – Riyadh,,1,,
hr@rentmycar.sa,Rentmycar,Job Application – Operations Coordinator – Riyadh,,1,,
3pl@tamergroup.com,Tamergroup,Job Application – Industrial Engineer / Operations – Tamergroup,,1,,
jobs@bec-cs.com,Bec Cs,Job Application – Operations Engineer – Riyadh,,1,,
recruitment@bluerays.sa,Bluerays,Job Application – Operations Coordinator – Riyadh,,1,,
a.alshammari@sasref.com.sa,Sasref,Job Application – Industrial Engineer / Operations – Sasref,,1,,
cv@fadensa.com,Fadensa,Job Application – Operations Coordinator – Riyadh,,1,,
aali@saccompany.com.sa,Saccompany,Job Application – Industrial Engineer / Operations – Saccompany,,1,,
jobs@8ozcafe.com,8Ozcafe,Job Application – Operations Coordinator – Dammam,,1,,
careers@thuriah.com.sa,Thuriah,Job Application – Operations Coordinator – Riyadh,,1,,
aasali@sal.sa,Sal,Job Application – Industrial Engineer / Operations – Sal,,1,,
hr.newaljedaani@aljedani.com,Aljedani,Job Application – Operations Coordinator – Jeddah,,1,,
abdulla.shaaban@bureauveritas.com,Bureauveritas,Job Application – Industrial Engineer / Operations – Bureauveritas,,1,,
jobs.ruh@aldar-alraedah.com,Aldar Alraedah,Job Application – Operations Coordinator – Riyadh,,1,,
abeer.baabbad@chalhoub.com,Chalhoub,Job Application – Industrial Engineer / Operations – Chalhoub,,1,,
ahcjobs@al-hoty.com,Al Hoty,Job Application – Industrial Engineer / Operations – Al-Hoty,,1,,
ahmed@ghazioverseas.sa.com,Ghazioverseas,Job Application – Industrial Engineer / Operations – Ghazioverseas,,1,,
akelco@akel.com.sa,Akel,Job Application – Industrial Engineer / Operations – Akel,,1,,
hr@powertower.com.sa,Powertower,Job Application – Operations Coordinator – Jeddah,,1,,
hr@mcgc.com.sa,Mcgc,Job Application – Operations Coordinator – Jeddah,,1,,
applyassistance@danaher.com,Danaher,Job Application – Industrial Engineer / Operations – Danaher,,1,,
arabiatalent@savola.com,Savola,Job Application – Industrial Engineer / Operations – Savola,,1,,
aramco-jobs@aramcoasia.com,Aramcoasia,Job Application – Industrial Engineer / Operations – Aramcoasia,,1,,
are@alrabiah.com.sa,Alrabiah,Job Application – Industrial Engineer / Operations – Alrabiah,,1,,
ask@riyadhpharma.com,Riyadhpharma,Job Application – Industrial Engineer / Operations – Riyadhpharma,,1,,
bandaraldheek@anan.com.sa,Anan,Job Application – Industrial Engineer / Operations – Anan,,1,,
bdm@ditrc.com,Ditrc,Job Application – Industrial Engineer / Operations – Ditrc,,1,,
career.dmm@sghgroup.net,Sghgroup,Job Application – Industrial Engineer / Operations – Sghgroup,,1,,
career.saudiarabia@kaefer.com,Kaefer,Job Application – Industrial Engineer / Operations – Kaefer,,1,,
career@almanahospital.com.sa,Almanahospital,Job Application – Industrial Engineer / Operations – Almanahospital,,1,,
career@daminbroker.com,Daminbroker,Job Application – Industrial Engineer / Operations – Daminbroker,,1,,
career@goldenchicken.com.sa,Goldenchicken,Job Application – Industrial Engineer / Operations – Goldenchicken,,1,,
career@mouwasat.com,Mouwasat,Job Application – Industrial Engineer / Operations – Mouwasat,,1,,
career@sidco.com.sa,Sidco,Job Application – Industrial Engineer / Operations – Sidco,,1,,
career@trukker.com,Trukker,Job Application – Industrial Engineer / Operations – Trukker,,1,,
careers@aathar.sa,Aathar,Job Application – Industrial Engineer / Operations – Aathar,,1,,
careers@alhudaifhr.com,Alhudaifhr,Job Application – Industrial Engineer / Operations – Alhudaifhr,,1,,
careers@almurjanhospital.com,Almurjanhospital,Job Application – Industrial Engineer / Operations – Almurjanhospital,,1,,
careers@arabiancementcompany.com,Arabiancementcompany,Job Application – Industrial Engineer / Operations – Arabiancementcompany,,1,,
careers@aramco.com,Aramco,Job Application – Industrial Engineer / Operations – Aramco,,1,,
careers@chedihegra.com,Chedihegra,Job Application – Industrial Engineer / Operations – Chedihegra,,1,,
careers@dallah-hospital.com,Dallah Hospital,Job Application – Industrial Engineer / Operations – Dallah-Hospital,,1,,
careers@globaledventures.co.uk,Globaledventures,Job Application – Industrial Engineer / Operations – Globaledventures,,1,,
careers@jarir.com,Jarir,Job Application – Industrial Engineer / Operations – Jarir,,1,,
careers@kfshrc.edu.sa,Kfshrc,Job Application – Industrial Engineer / Operations – Kfshrc,,1,,
careers@maaden.com.sa,Maaden,Job Application – Industrial Engineer / Operations – Maaden,,1,,
careers@maffire.com,Maffire,Job Application – Industrial Engineer / Operations – Maffire,,1,,
careers@nesr.com,Nesr,Job Application – Industrial Engineer / Operations – Nesr,,1,,
careers@parsons.com,Parsons,Job Application – Industrial Engineer / Operations – Parsons,,1,,
careers@qaiwangroup.com,Qaiwangroup,Job Application – Industrial Engineer / Operations – Qaiwangroup,,1,,
careers@safari.com.sa,Safari,Job Application – Industrial Engineer / Operations – Safari,,1,,
careers@tgps.pk,Tgps,Job Application – Industrial Engineer / Operations – Tgps,,1,,
cs@bindawood.com,Bindawood,Job Application – Industrial Engineer / Operations – Bindawood,,1,,
central@binomairah.com,Binomairah,Job Application – Industrial Engineer / Operations – Binomairah,,1,,
chrisresto@blueprinttalent.com,Blueprinttalent,Job Application – Industrial Engineer / Operations – Blueprinttalent,,1,,
clientmiddleeast@michaelpage.ae,Michaelpage,Job Application – Industrial Engineer / Operations – Michaelpage,,1,,
corporate@alrashed.com,Alrashed,Job Application – Industrial Engineer / Operations – Alrashed,,1,,
customer.service@saudipaper.com,Saudipaper,Job Application – Industrial Engineer / Operations – Saudipaper,,1,,
customercare@panda.com.sa,Panda,Job Application – Industrial Engineer / Operations – Panda,,1,,
customerservice@alrajhitakaful.com,Alrajhitakaful,Job Application – Industrial Engineer / Operations – Alrajhitakaful,,1,,
customerservice@tamimimarkets.com,Tamimimarkets,Job Application – Industrial Engineer / Operations – Tamimimarkets,,1,,
cv@aldawaa.com.sa,Aldawaa,Job Application – Industrial Engineer / Operations – Aldawaa,,1,,
cv@arabianfal.com,Arabianfal,Job Application – Industrial Engineer / Operations – Arabianfal,,1,,
dpo@sal.sa,Sal,Job Application – Industrial Engineer / Operations – Sal,,1,,
elrahma@elrahma-hr.com,Elrahma Hr,Job Application – Industrial Engineer / Operations – Elrahma-Hr,,1,,
freight@anc-log.sa,Anc Log,Job Application – Industrial Engineer / Operations – Anc-Log,,1,,
hr.dsfhr@fakeeh.care,Fakeeh,Job Application – Industrial Engineer / Operations – Fakeeh,,1,,
hr.middleeast@aecom.com,Aecom,Job Application – Industrial Engineer / Operations – Aecom,,1,,
hr.phc@drsulaimanalhabib.com,Drsulaimanalhabib,Job Application – Industrial Engineer / Operations – Drsulaimanalhabib,,1,,
hr@adesgroup.com,Adesgroup,Job Application – Industrial Engineer / Operations – Adesgroup,,1,,
hr@alhudaifhr.com,Alhudaifhr,Job Application – Industrial Engineer / Operations – Alhudaifhr,,1,,
hr@aqwase.com,Aqwase,Job Application – Industrial Engineer / Operations – Aqwase,,1,,
hr@asbisme.ae,Asbisme,Job Application – Industrial Engineer / Operations – Asbisme,,1,,
hr@binharkil.com,Binharkil,Job Application – Industrial Engineer / Operations – Binharkil,,1,,
hr@gemseducation.com,Gemseducation,Job Application – Industrial Engineer / Operations – Gemseducation,,1,,
hr@gulftekarabia.com,Gulftekarabia,Job Application – Industrial Engineer / Operations – Gulftekarabia,,1,,
hr@saraya.sa,Saraya,Job Application – Industrial Engineer / Operations – Saraya,,1,,
hr@saudia.com,Saudia,Job Application – Industrial Engineer / Operations – Saudia,,1,,
hr@sisco.com.sa,Sisco,Job Application – Industrial Engineer / Operations – Sisco,,1,,
hr@unicoil.com.sa,Unicoil,Job Application – Industrial Engineer / Operations – Unicoil,,1,,
hrd@alahsahospital.com.sa,Alahsahospital,Job Application – Industrial Engineer / Operations – Alahsahospital,,1,,
hrd@mbtc.com.sa,Mbtc,Job Application – Industrial Engineer / Operations – Mbtc,,1,,
human.resources@redseahousing.com,Redseahousing,Job Application – Industrial Engineer / Operations – Redseahousing,,1,,
humanresources@obeidhospital.org,Obeidhospital,Job Application – Industrial Engineer / Operations – Obeidhospital,,1,,
i.atassi@artar.com.sa,Artar,Job Application – Industrial Engineer / Operations – Artar,,1,,
infoksa@acts-int.com,Acts Int,Job Application – Industrial Engineer / Operations – Acts-Int,,1,,
infos@sisco.com.sa,Sisco,Job Application – Industrial Engineer / Operations – Sisco,,1,,
jasarapmc@jobs.workablemail.com,Jobs,Job Application – Industrial Engineer / Operations – Jobs,,1,,
job@herfy.com,Herfy,Job Application – Industrial Engineer / Operations – Herfy,,1,,
jobs@almajdouie.com,Almajdouie,Job Application – Industrial Engineer / Operations – Almajdouie,,1,,
jobs@alyousufent.com,Alyousufent,Job Application – Industrial Engineer / Operations – Alyousufent,,1,,
jobs@ayk.global,Ayk,Job Application – Industrial Engineer / Operations – Ayk,,1,,
jobs@binajinah.com,Binajinah,Job Application – Industrial Engineer / Operations – Binajinah,,1,,
jobs@jalint.com.sa,Jalint,Job Application – Industrial Engineer / Operations – Jalint,,1,,
jobs@m2reducation.com,M2Reducation,Job Application – Industrial Engineer / Operations – M2Reducation,,1,,
jobs@miskschools.edu.sa,Miskschools,Job Application – Industrial Engineer / Operations – Miskschools,,1,,
jobs@nesma.com,Nesma,Job Application – Industrial Engineer / Operations – Nesma,,1,,
jobs@ramzunited.com,Ramzunited,Job Application – Industrial Engineer / Operations – Ramzunited,,1,,
jobs@saco-ksa.com,Saco Ksa,Job Application – Industrial Engineer / Operations – Saco-Ksa,,1,,
juffali@eajb.com.sa,Eajb,Job Application – Industrial Engineer / Operations – Eajb,,1,,
jw@seekteachers.com,Seekteachers,Job Application – Industrial Engineer / Operations – Seekteachers,,1,,
kbr-amcdehr@kbr.com,Kbr,Job Application – Industrial Engineer / Operations – Kbr,,1,,
klc.hr@alkafaa.com,Alkafaa,Job Application – Industrial Engineer / Operations – Alkafaa,,1,,
kuagh.hr@hyatt.com,Hyatt,Job Application – Industrial Engineer / Operations – Hyatt,,1,,
linajebril@alibaba-inc.com,Alibaba Inc,Job Application – Industrial Engineer / Operations – Alibaba-Inc,,1,,
mail@alandalus.com.sa,Alandalus,Job Application – Industrial Engineer / Operations – Alandalus,,1,,
marketing.np@nesma.com,Nesma,Job Application – Industrial Engineer / Operations – Nesma,,1,,
middleeast@naukrigulf.com,Naukrigulf,Job Application – Industrial Engineer / Operations – Naukrigulf,,1,,
n.alsohaibani@salehiya.com,Salehiya,Job Application – Industrial Engineer / Operations – Salehiya,,1,,
nationalizationteam@almarai.com,Almarai,Job Application – Industrial Engineer / Operations – Almarai,,1,,
oalkhunaizi@darwaemaar.com,Darwaemaar,Job Application – Industrial Engineer / Operations – Darwaemaar,,1,,
pomsm_hr@hilton.com,Hilton,Job Application – Industrial Engineer / Operations – Hilton,,1,,
qiddiya-investment-company-1@jobs.workablemail.com,Jobs,Job Application – Industrial Engineer / Operations – Jobs,,1,,
rec@alojaimi.com,Alojaimi,Job Application – Industrial Engineer / Operations – Alojaimi,,1,,
recruiting.ksa@mcdermott.com,Mcdermott,Job Application – Industrial Engineer / Operations – Mcdermott,,1,,
recruitment@abunayyanholding.com,Abunayyanholding,Job Application – Industrial Engineer / Operations – Abunayyanholding,,1,,
recruitment@algihaz.com,Algihaz,Job Application – Industrial Engineer / Operations – Algihaz,,1,,
recruitment@alguthmi.com,Alguthmi,Job Application – Industrial Engineer / Operations – Alguthmi,,1,,
recruitment@almoosahospital.com.sa,Almoosahospital,Job Application – Industrial Engineer / Operations – Almoosahospital,,1,,
recruitment@aytb.com,Aytb,Job Application – Industrial Engineer / Operations – Aytb,,1,,
recruitment@batook.com,Batook,Job Application – Industrial Engineer / Operations – Batook,,1,,
recruitment@citycement.sa,Citycement,Job Application – Industrial Engineer / Operations – Citycement,,1,,
recruitment@eramtalent.com,Eramtalent,Job Application – Industrial Engineer / Operations – Eramtalent,,1,,
recruitment@flowpl.com,Flowpl,Job Application – Industrial Engineer / Operations – Flowpl,,1,,
recruitment@jesco.com.sa,Jesco,Job Application – Industrial Engineer / Operations – Jesco,,1,,
recruitment@rawabiholding.com,Rawabiholding,Job Application – Industrial Engineer / Operations – Rawabiholding,,1,,
recruitment@riyadhair.com,Riyadhair,Job Application – Industrial Engineer / Operations – Riyadhair,,1,,
recruitment@sabic.com,Sabic,Job Application – Industrial Engineer / Operations – Sabic,,1,,
recruitment@savola.com,Savola,Job Application – Industrial Engineer / Operations – Savola,,1,,
recruitment@seder.sa,Seder,Job Application – Industrial Engineer / Operations – Seder,,1,,
recruitment@shadeco.com,Shadeco,Job Application – Industrial Engineer / Operations – Shadeco,,1,,
recruitment@sraco.com.sa,Sraco,Job Application – Industrial Engineer / Operations – Sraco,,1,,
recruitment@tes.com,Tes,Job Application – Industrial Engineer / Operations – Tes,,1,,
recruitment@yanbucement.com,Yanbucement,Job Application – Industrial Engineer / Operations – Yanbucement,,1,,
salma.moharam@andalusiagroup.net,Andalusiagroup,Job Application – Industrial Engineer / Operations – Andalusiagroup,,1,,
saudi.jobs@naqel.com.sa,Naqel,Job Application – Industrial Engineer / Operations – Naqel,,1,,
scw@saudconsult.com,Saudconsult,Job Application – Industrial Engineer / Operations – Saudconsult,,1,,
shaker@andalusiagroup.net,Andalusiagroup,Job Application – Industrial Engineer / Operations – Andalusiagroup,,1,,
siec@siec.com.sa,Siec,Job Application – Industrial Engineer / Operations – Siec,,1,,
sourcing2@menalimited.com,Menalimited,Job Application – Industrial Engineer / Operations – Menalimited,,1,,
talent.acquisition@drsulaimanalhabib.com,Drsulaimanalhabib,Job Application – Industrial Engineer / Operations – Drsulaimanalhabib,,1,,
talent@indpt.com,Indpt,Job Application – Industrial Engineer / Operations – Indpt,,1,,
tcc@tcc.com.sa,Tcc,Job Application – Industrial Engineer / Operations – Tcc,,1,,
transport@aldrees.com,Aldrees,Job Application – Industrial Engineer / Operations – Aldrees,,1,,
valvolineglobalcareers@valvolineglobal.com,Valvolineglobal,Job Application – Industrial Engineer / Operations – Valvolineglobal,,1,,
wecare@othaimmarkets.com,Othaimmarkets,Job Application – Industrial Engineer / Operations – Othaimmarkets,,1,,
hr.recruit@ataa.sa,Ataa,Job Application – Industrial Engineer / Operations – Ataa,,1,,
hr@jorn.sa,Jorn,Job Application – Industrial Engineer / Operations – Jorn,,1,,
talents@roastinghouse.sa,Roastinghouse,Job Application – Industrial Engineer / Operations – Roastinghouse,,1,,
jobs@ideal-precast.com,Ideal Precast,Job Application – Industrial Engineer / Operations – Ideal-Precast,,1,,
jobs@adeceng.com,Adeceng,Job Application – Industrial Engineer / Operations – Adeceng,,1,,
hiring@nasco.com.sa,Nasco,Job Application – Industrial Engineer / Operations – Nasco,,1,,
career@mc4.com.sa,Mc4,Job Application – Industrial Engineer / Operations – Mc4,,1,,
jobs@ajarglobal.com,Ajarglobal,Job Application – Industrial Engineer / Operations – Ajarglobal,,1,,
jobs@shiftinc.com,Shiftinc,Job Application – Industrial Engineer / Operations – Shiftinc,,1,,
ralmalki@ntco.sa,Ntco,Job Application – Industrial Engineer / Operations – Ntco,,1,,
career@alif.sa,Alif,Job Application – Industrial Engineer / Operations – Alif,,1,,
career@purity.sa,Purity,Job Application – Industrial Engineer / Operations – Purity,,1,,
anan@gialearning.com,Gialearning,Job Application – Industrial Engineer / Operations – Gialearning,,1,,
hr@arabiangates.com,Arabiangates,Job Application – Industrial Engineer / Operations – Arabiangates,,1,,
abrar.alkhalifa@marriott.com,Marriott,Job Application – Industrial Engineer / Operations – Marriott,,1,,
recruitment@fipco.com.sa,Fipco,Job Application – Industrial Engineer / Operations – Fipco,,1,,
rec@shugan.com.sa,Shugan,Job Application – Industrial Engineer / Operations – Shugan,,1,,
jobs@cz-center.com,Cz Center,Job Application – Industrial Engineer / Operations – Cz-Center,,1,,
awatef.soliman@crc-scan.com,Crc Scan,Job Application – Industrial Engineer / Operations – Crc-Scan,,1,,
recruitment@rajhiawqaf.org,Rajhiawqaf,Job Application – Industrial Engineer / Operations – Rajhiawqaf,,1,,
hr@promech.com.sa,Promech,Job Application – Industrial Engineer / Operations – Promech,,1,,
jobs@fphc.sa,Fphc,Job Application – Industrial Engineer / Operations – Fphc,,1,,
hr@sa.kingdomre.com,Sa,Job Application – Industrial Engineer / Operations – Sa,,1,,
recruitment@tadreesholding.com,Tadreesholding,Job Application – Industrial Engineer / Operations – Tadreesholding,,1,,
hr@ebinhadi.com,Ebinhadi,Job Application – Industrial Engineer / Operations – Ebinhadi,,1,,
raneem.alamri@ahcl.com.sa,Ahcl,Job Application – Industrial Engineer / Operations – Ahcl,,1,,
jobs@ksasmc.com,Ksasmc,Job Application – Industrial Engineer / Operations – Ksasmc,,1,,
abeer.karkdan@alfarabilabs.com,Alfarabilabs,Job Application – Industrial Engineer / Operations – Alfarabilabs,,1,,
recruitmentksa@leaderhealthcaregroup.com,Leaderhealthcaregroup,Job Application – Industrial Engineer / Operations – Leaderhealthcaregroup,,1,,
alarabia.hr@acbc.sa,Acbc,Job Application – Industrial Engineer / Operations – Acbc,,1,,
jobs@gnp.com.sa,Gnp,Job Application – Industrial Engineer / Operations – Gnp,,1,,
recruitment@pbic.com.sa,Pbic,Job Application – Industrial Engineer / Operations – Pbic,,1,,
careers@mafas.com,Mafas,Job Application – Industrial Engineer / Operations – Mafas,,1,,
career.ksa@alghanim.com,Alghanim,Job Application – Industrial Engineer / Operations – Alghanim,,1,,
hr1@waleem.com.sa,Waleem,Job Application – Industrial Engineer / Operations – Waleem,,1,,
recruitment@motamakena.com,Motamakena,Job Application – Industrial Engineer / Operations – Motamakena,,1,,
recruitment.center@alqotr.sa,Alqotr,Job Application – Industrial Engineer / Operations – Alqotr,,1,,
jobs@waraq.com,Waraq,Job Application – Industrial Engineer / Operations – Waraq,,1,,
careers@bcc-sa.com,Bcc Sa,Job Application – Industrial Engineer / Operations – Bcc-Sa,,1,,
h.r@injaztec.com,Injaztec,Job Application – Industrial Engineer / Operations – Injaztec,,1,,
careers@itb.com.sa,Itb,Job Application – Industrial Engineer / Operations – Itb,,1,,
careers@alkathiriholding.com,Alkathiriholding,Job Application – Industrial Engineer / Operations – Alkathiriholding,,1,,
hr@eng-arc.com,Eng Arc,Job Application – Industrial Engineer / Operations – Eng-Arc,,1,,
jobs.ksa@saint-gobain.com,Saint Gobain,Job Application – Industrial Engineer / Operations – Saint-Gobain,,1,,
hr@ahc-cpa.sa,Ahc Cpa,Job Application – Industrial Engineer / Operations – Ahc-Cpa,,1,,
careers@rayanadvanced.com.sa,Rayanadvanced,Job Application – Industrial Engineer / Operations – Rayanadvanced,,1,,
jobs@symphony.sa,Symphony,Job Application – Industrial Engineer / Operations – Symphony,,1,,
career@vision.edu.sa,Vision,Job Application – Industrial Engineer / Operations – Vision,,1,,
recruitment@adeco.com.sa,Adeco,Job Application – Industrial Engineer / Operations – Adeco,,1,,
careers@waseel.com,Waseel,Job Application – Industrial Engineer / Operations – Waseel,,1,,
hr.riyadh@hussainrental.com,Hussainrental,Job Application – Industrial Engineer / Operations – Hussainrental,,1,,
al-bustan.hr@al-bustan.net.sa,Al Bustan,Job Application – Industrial Engineer / Operations – Al-Bustan,,1,,
hr@purepolymers.net,Purepolymers,Job Application – Industrial Engineer / Operations – Purepolymers,,1,,
job@rfd.com.sa,Rfd,Job Application – Industrial Engineer / Operations – Rfd,,1,,
career@qbcsa.com,Qbcsa,Job Application – Industrial Engineer / Operations – Qbcsa,,1,,
careers.ruh@aljanoub.sa,Aljanoub,Job Application – Industrial Engineer / Operations – Aljanoub,,1,,
hr@kayanhorizon.com,Kayanhorizon,Job Application – Industrial Engineer / Operations – Kayanhorizon,,1,,
jobs@specialist.com.sa,Specialist,Job Application – Industrial Engineer / Operations – Specialist,,1,,
hr.hiring@aljazera.com,Aljazera,Job Application – Industrial Engineer / Operations – Aljazera,,1,,
careers@astraconst.com.sa,Astraconst,Job Application – Industrial Engineer / Operations – Astraconst,,1,,
hiring@majdgroup.sa,Majdgroup,Job Application – Industrial Engineer / Operations – Majdgroup,,1,,
jobs@tania.sa,Tania,Job Application – Industrial Engineer / Operations – Tania,,1,,
jobs@aessco.com.sa,Aessco,Job Application – Industrial Engineer / Operations – Aessco,,1,,
career@aaq.com.sa,Aaq,Job Application – Industrial Engineer / Operations – Aaq,,1,,
jobs@miniso.sa,Miniso,Job Application – Industrial Engineer / Operations – Miniso,,1,,
omniaelshamy@sis.net.sa,Sis,Job Application – Industrial Engineer / Operations – Sis,,1,,
apply@connectsaudi.com,Connectsaudi,Job Application – Industrial Engineer / Operations – Connectsaudi,,1,,
hr@hsksa.net,Hsksa,Job Application – Industrial Engineer / Operations – Hsksa,,1,,
nawaf.mohammed@innovahc.com,Innovahc,Job Application – Industrial Engineer / Operations – Innovahc,,1,,
smsajobs@smsaexpress.com,Smsaexpress,Job Application – Industrial Engineer / Operations – Smsaexpress,,1,,
job@foamco.com.sa,Foamco,Job Application – Industrial Engineer / Operations – Foamco,,1,,
recruitment@sulalat.com,Sulalat,Job Application – Industrial Engineer / Operations – Sulalat,,1,,
careers@natcom.com.sa,Natcom,Job Application – Industrial Engineer / Operations – Natcom,,1,,
almuflih@archer-investments.com,Archer Investments,Job Application – Industrial Engineer / Operations – Archer-Investments,,1,,
hr@mispay.co,Mispay,Job Application – Industrial Engineer / Operations – Mispay,,1,,
hr@rajhi.com.sa,Rajhi,Job Application – Industrial Engineer / Operations – Rajhi,,1,,
recruitment@tarfeehfakieh.com,Tarfeehfakieh,Job Application – Industrial Engineer / Operations – Tarfeehfakieh,,1,,
recruitment@saudibrothers.com,Saudibrothers,Job Application – Industrial Engineer / Operations – Saudibrothers,,1,,
ibrahim.alqahtani@apave.com,Apave,Job Application – Industrial Engineer / Operations – Apave,,1,,
careers@4horizons.com.sa,4Horizons,Job Application – Industrial Engineer / Operations – 4Horizons,,1,,
hr@hand.sa,Hand,Job Application – Industrial Engineer / Operations – Hand,,1,,
career@alramsat.com,Alramsat,Job Application – Industrial Engineer / Operations – Alramsat,,1,,
info@aafsaudi.com,Aafsaudi,Job Application – Industrial Engineer / Operations – Aafsaudi,,1,,
hr@rakaez.sa,Rakaez,Job Application – Industrial Engineer / Operations – Rakaez,,1,,
hr.info@madagypsum.com,Madagypsum,Job Application – Industrial Engineer / Operations – Madagypsum,,1,,
hr@saqifa-alrowad.com,Saqifa Alrowad,Job Application – Industrial Engineer / Operations – Saqifa-Alrowad,,1,,
hassani@rose-aljazera.com,Rose Aljazera,Job Application – Industrial Engineer / Operations – Rose-Aljazera,,1,,
hr@iota-sa.com,Iota Sa,Job Application – Industrial Engineer / Operations – Iota-Sa,,1,,
m.shaot@motoon.com.sa,Motoon,Job Application – Industrial Engineer / Operations – Motoon,,1,,
careers-ksa@savills.sa,Savills,Job Application – Industrial Engineer / Operations – Savills,,1,,
hr@whoatea.com,Whoatea,Job Application – Industrial Engineer / Operations – Whoatea,,1,,
jobs@silah.sa,Silah,Job Application – Industrial Engineer / Operations – Silah,,1,,
b.alrwishad@sidq.sa,Sidq,Job Application – Industrial Engineer / Operations – Sidq,,1,,
hissah@tobysestateme.com,Tobysestateme,Job Application – Industrial Engineer / Operations – Tobysestateme,,1,,
recruitment@etmam-sa.com,Etmam Sa,Job Application – Industrial Engineer / Operations – Etmam-Sa,,1,,
rawan@ancoonline.com,Ancoonline,Job Application – Industrial Engineer / Operations – Ancoonline,,1,,
hiring@bcc.com.sa,Bcc,Job Application – Industrial Engineer / Operations – Bcc,,1,,
hr@rta3mer.com,Rta3Mer,Job Application – Industrial Engineer / Operations – Rta3Mer,,1,,
bayan@flip.sa,Flip,Job Application – Industrial Engineer / Operations – Flip,,1,,
jobs@gobussma.com,Gobussma,Job Application – Industrial Engineer / Operations – Gobussma,,1,,
ksa.job@pvhardware.com,Pvhardware,Job Application – Industrial Engineer / Operations – Pvhardware,,1,,
hrd-ksa@danwayeme.com,Danwayeme,Job Application – Industrial Engineer / Operations – Danwayeme,,1,,
modhi@luxury-management.sa,Luxury Management,Job Application – Industrial Engineer / Operations – Luxury-Management,,1,,
hr@roya.com.sa,Roya,Job Application – Industrial Engineer / Operations – Roya,,1,,
hr@azharhco.com,Azharhco,Job Application – Industrial Engineer / Operations – Azharhco,,1,,
hr@amlaktaibah.sa,Amlaktaibah,Job Application – Industrial Engineer / Operations – Amlaktaibah,,1,,
jobs@sevens.sa,Sevens,Job Application – Industrial Engineer / Operations – Sevens,,1,,
wijdan.alghamdi@yanbusteel.sa,Yanbusteel,Job Application – Industrial Engineer / Operations – Yanbusteel,,1,,
career@sa.nestle.com,Sa,Job Application – Industrial Engineer / Operations – Sa,,1,,
auc.hr@protocol.sa,Protocol,Job Application – Industrial Engineer / Operations – Protocol,,1,,
hr@travelgate.com.sa,Travelgate,Job Application – Industrial Engineer / Operations – Travelgate,,1,,
hiring@merkai.sa,Merkai,Job Application – Industrial Engineer / Operations – Merkai,,1,,
hr01@liteway-lighting.com,Liteway Lighting,Job Application – Industrial Engineer / Operations – Liteway-Lighting,,1,,
hr@eu.com.sa,Eu,Job Application – Industrial Engineer / Operations – Eu,,1,,
hiring@c-bloc.co,C Bloc,Job Application – Industrial Engineer / Operations – C-Bloc,,1,,
hiring@rayafinancing.com,Rayafinancing,Job Application – Industrial Engineer / Operations – Rayafinancing,,1,,
hrd.ksa@target.ae,Target,Job Application – Industrial Engineer / Operations – Target,,1,,
hr@mohitalahram.com.sa,Mohitalahram,Job Application – Industrial Engineer / Operations – Mohitalahram,,1,,
jobs@iman-group.com,Iman Group,Job Application – Industrial Engineer / Operations – Iman-Group,,1,,
jobs@sabkaljusore.com,Sabkaljusore,Job Application – Industrial Engineer / Operations – Sabkaljusore,,1,,
hr@aman.sa,Aman,Job Application – Industrial Engineer / Operations – Aman,,1,,
meed-hr@mawarid-dt.com.sa,Mawarid Dt,Job Application – Industrial Engineer / Operations – Mawarid-Dt,,1,,
hr@theqa.sa,Theqa,Job Application – Industrial Engineer / Operations – Theqa,,1,,
hr_ksa@cscec.ae,Cscec,Job Application – Industrial Engineer / Operations – Cscec,,1,,
job@myanoosh.com,Myanoosh,Job Application – Industrial Engineer / Operations – Myanoosh,,1,,
info@blue-scope.co,Blue Scope,Job Application – Industrial Engineer / Operations – Blue-Scope,,1,,
jobs@zeyut.com,Zeyut,Job Application – Industrial Engineer / Operations – Zeyut,,1,,
jobs-ksa@dhbholding.com,Dhbholding,Job Application – Industrial Engineer / Operations – Dhbholding,,1,,
career@alkuhaimi.com,Alkuhaimi,Job Application – Industrial Engineer / Operations – Alkuhaimi,,1,,
s.arkula@paclindus.com,Paclindus,Job Application – Industrial Engineer / Operations – Paclindus,,1,,
hr.ksa@byrnerental.com,Byrnerental,Job Application – Industrial Engineer / Operations – Byrnerental,,1,,
cv@atlas-dis.com,Atlas Dis,Job Application – Industrial Engineer / Operations – Atlas-Dis,,1,,
recruitment@dopeamine.sa,Dopeamine,Job Application – Industrial Engineer / Operations – Dopeamine,,1,,
jobs@almajal.sa,Almajal,Job Application – Industrial Engineer / Operations – Almajal,,1,,
hrjob@nasmati.net,Nasmati,Job Application – Industrial Engineer / Operations – Nasmati,,1,,
recruitment@two.sa,Two,Job Application – Industrial Engineer / Operations – Two,,1,,
hrjob@farhaintl.com,Farhaintl,Job Application – Industrial Engineer / Operations – Farhaintl,,1,,
careers@riyadh-cables.com,Riyadh Cables,Job Application – Industrial Engineer / Operations – Riyadh-Cables,,1,,
saad.alotaibi@lxpantos.com,Lxpantos,Job Application – Industrial Engineer / Operations – Lxpantos,,1,,
career@texofib.com,Texofib,Job Application – Industrial Engineer / Operations – Texofib,,1,,
job@reval-sa.com,Reval Sa,Job Application – Industrial Engineer / Operations – Reval-Sa,,1,,
career@saudiradwa.com,Saudiradwa,Job Application – Industrial Engineer / Operations – Saudiradwa,,1,,
hanouf.abuali@hilton.com,Hilton,Job Application – Industrial Engineer / Operations – Hilton,,1,,
info@razeen-re.com,Razeen Re,Job Application – Industrial Engineer / Operations – Razeen-Re,,1,,
khalil.s@altoukhi.com,Altoukhi,Job Application – Industrial Engineer / Operations – Altoukhi,,1,,
muqqadas@prglobals.com,Prglobals,Job Application – Industrial Engineer / Operations – Prglobals,,1,,
careers@icad.com,Icad,Job Application – Industrial Engineer / Operations – Icad,,1,,
job@alwasail.com,Alwasail,Job Application – Industrial Engineer / Operations – Alwasail,,1,,
recruitment@taam.sa,Taam,Job Application – Industrial Engineer / Operations – Taam,,1,,
jobs@emaan.com.sa,Emaan,Job Application – Industrial Engineer / Operations – Emaan,,1,,
recruitment@lastmade.com,Lastmade,Job Application – Industrial Engineer / Operations – Lastmade,,1,,
jobs@lepremier.com.sa,Lepremier,Job Application – Industrial Engineer / Operations – Lepremier,,1,,
recruitment@gte.sa,Gte,Job Application – Industrial Engineer / Operations – Gte,,1,,
cv@getsmart.sa,Getsmart,Job Application – Industrial Engineer / Operations – Getsmart,,1,,
jobs@talatschool.edu.sa,Talatschool,Job Application – Industrial Engineer / Operations – Talatschool,,1,,
talent.acquisition@almadina.com.sa,Almadina,Job Application – Industrial Engineer / Operations – Almadina,,1,,
recruitment@darsonbol.com,Darsonbol,Job Application – Industrial Engineer / Operations – Darsonbol,,1,,
reception.jeddah@falconpack.ae,Falconpack,Job Application – Industrial Engineer / Operations – Falconpack,,1,,
gad-ah@nawaql.com.sa,Nawaql,Job Application – Industrial Engineer / Operations – Nawaql,,1,,
recruitment@energiaksa.com,Energiaksa,Job Application – Industrial Engineer / Operations – Energiaksa,,1,,
careers@saudipaper.com,Saudipaper,Job Application – Industrial Engineer / Operations – Saudipaper,,1,,
recruitment@mytable.sa,Mytable,Job Application – Industrial Engineer / Operations – Mytable,,1,,
career@mesmack.com,Mesmack,Job Application – Industrial Engineer / Operations – Mesmack,,1,,
alkhidhr1@alkhedrcars.com,Alkhedrcars,Job Application – Industrial Engineer / Operations – Alkhedrcars,,1,,
jobs@hululksa.com,Hululksa,Job Application – Industrial Engineer / Operations – Hululksa,,1,,
yazeed.nasser@redanational.com,Redanational,Job Application – Industrial Engineer / Operations – Redanational,,1,,
nadyah.alzuabi@exp.sa,Exp,Job Application – Industrial Engineer / Operations – Exp,,1,,
jaber.alnajei@dalba.com.sa,Dalba,Job Application – Industrial Engineer / Operations – Dalba,,1,,
jobs@starssmile.com.sa,Starssmile,Job Application – Industrial Engineer / Operations – Starssmile,,1,,
inad.almalki@alfanar.com,Alfanar,Job Application – Industrial Engineer / Operations – Alfanar,,1,,
forjobs@albenyah.com,Albenyah,Job Application – Industrial Engineer / Operations – Albenyah,,1,,
recruitment@idev.com.sa,Idev,Job Application – Industrial Engineer / Operations – Idev,,1,,
recruitment@advancedconstruction.com.sa,Advancedconstruction,Job Application – Industrial Engineer / Operations – Advancedconstruction,,1,,
careers@aldella.com.sa,Aldella,Job Application – Industrial Engineer / Operations – Aldella,,1,,
careers@leejam.com.sa,Leejam,Job Application – Industrial Engineer / Operations – Leejam,,1,,
jobs.aror@the-ascott.com,The Ascott,Job Application – Industrial Engineer / Operations – The-Ascott,,1,,
recruitment@asfourhotels.com,Asfourhotels,Job Application – Industrial Engineer / Operations – Asfourhotels,,1,,
a.marzouk@jisrhc.com,Jisrhc,Job Application – Industrial Engineer / Operations – Jisrhc,,1,,
talent@al-amthal.com.sa,Al Amthal,Job Application – Industrial Engineer / Operations – Al-Amthal,,1,,
jobs@sevencarlounge.com,Sevencarlounge,Job Application – Industrial Engineer / Operations – Sevencarlounge,,1,,
jobs@alhotystanger.com,Alhotystanger,Job Application – Industrial Engineer / Operations – Alhotystanger,,1,,
ksajobs@arabou.edu.sa,Arabou,Job Application – Industrial Engineer / Operations – Arabou,,1,,
careers@growthpartner.sa,Growthpartner,Job Application – Industrial Engineer / Operations – Growthpartner,,1,,
reception.hd@osaimiengineering.com,Osaimiengineering,Job Application – Industrial Engineer / Operations – Osaimiengineering,,1,,
hr1@zyind-sa.com,Zyind Sa,Job Application – Industrial Engineer / Operations – Zyind-Sa,,1,,
jobs@tgrmccksa.com,Tgrmccksa,Job Application – Industrial Engineer / Operations – Tgrmccksa,,1,,
fhs@f-horizon.com,F Horizon,Job Application – Industrial Engineer / Operations – F-Horizon,,1,,
job@dynexarabia.com,Dynexarabia,Job Application – Industrial Engineer / Operations – Dynexarabia,,1,,
careers@feedco.com.sa,Feedco,Job Application – Industrial Engineer / Operations – Feedco,,1,,
hr4@taxiat.com.sa,Taxiat,Job Application – Industrial Engineer / Operations – Taxiat,,1,,
hr@roxashop.com,Roxashop,Job Application – Industrial Engineer / Operations – Roxashop,,1,,
ibtsam@tpksa.com,Tpksa,Job Application – Industrial Engineer / Operations – Tpksa,,1,,
hr@eastgas.com.sa,Eastgas,Job Application – Industrial Engineer / Operations – Eastgas,,1,,
job@rosesweets.com.sa,Rosesweets,Job Application – Industrial Engineer / Operations – Rosesweets,,1,,
careers@sarj.ai,Sarj,Operations Specialist,,1,,
hiring@salla.sa,Salla,Business Analyst,,1,,
info@fipco.com.sa,Fipco,Industrial Engineer,,1,,
info@alargan.com.sa,Alargan,Industrial Engineer,,1,,
info@albawani.net,Albawani,Industrial Engineer,,1,,
info@aldanube.com,Aldanube,Industrial Engineer,,1,,
info@alesayi.com,Alesayi,Industrial Engineer,,1,,
info@alfozan.com,Alfozan,Industrial Engineer,,1,,
info@alhajry-overseas.com.sa,Alhajry Overseas,Industrial Engineer,,1,,
info@aljabr.com.sa,Aljabr,Industrial Engineer,,1,,
info@aljomaih.com,Aljomaih,Industrial Engineer,,1,,
info@aljouf.com.sa,Aljouf,Industrial Engineer,,1,,
info@alkifah.com,Alkifah,Industrial Engineer,,1,,
info@almoosahospital.com.sa,Almoosahospital,Industrial Engineer,,1,,
api-service@deepseek.com,Deepseek,Industrial Engineer,,1,,
info@almuhaidib.com,Almuhaidib,Industrial Engineer,,1,,
info@abunayyanholding.com,Abunayyanholding,Industrial Engineer,,1,,
info@alshalawi.com,Alshalawi,Industrial Engineer,,1,,
info@alsorayai.com,Alsorayai,Industrial Engineer,,1,,
info@altaaqa.com,Altaaqa,Industrial Engineer,,1,,
info@americanarestaurants.com,Americanarestaurants,Industrial Engineer,,1,,
info@amiantit.com,Amiantit,Industrial Engineer,,1,,
info@apc.com.sa,Apc,Industrial Engineer,,1,,
info@apparelgroup.com,Apparelgroup,Industrial Engineer,,1,,
info@arabianfal.com,Arabianfal,Industrial Engineer,,1,,
info@atco.com.sa,Atco,Industrial Engineer,,1,,
info@becarabia.com,Becarabia,Industrial Engineer,,1,,
info@becsaudi.com,Becsaudi,Industrial Engineer,,1,,
info@binharkil.com,Binharkil,Industrial Engineer,,1,,
info@care.med.sa,Care,Industrial Engineer,,1,,
info@catrion.com,Catrion,Industrial Engineer,,1,,
info@chalhoub.com,Chalhoub,Industrial Engineer,,1,,
info@dar.com,Dar,Industrial Engineer,,1,,
info@drakescull.com,Drakescull,Industrial Engineer,,1,,
info@dussur.com,Dussur,Industrial Engineer,,1,,
info@eic.com.sa,Eic,Industrial Engineer,,1,,
info@ejad.sa,Ejad,Industrial Engineer,,1,,
info@eramtalent.com,Eramtalent,Industrial Engineer,,1,,
info@familycare.com.sa,Familycare,Industrial Engineer,,1,,
info@gulftekarabia.com,Gulftekarabia,Industrial Engineer,,1,,
info@hadeed.com.sa,Hadeed,Industrial Engineer,,1,,
info@halwani.com.sa,Halwani,Industrial Engineer,,1,,
info@hassanallam.com,Hassanallam,Industrial Engineer,,1,,
info@hijazmalls.com,Hijazmalls,Industrial Engineer,,1,,
info@hillintl.com,Hillintl,Industrial Engineer,,1,,
hrexec@gulftekarabia.com,Gulftekarabia,Industrial Engineering / Operations Role,,1,,
info@ramclinics.com,Ramclinics,Industrial Engineering / Operations Role,,1,,
jb.industrial@abdal.sa,Abdal,Industrial Engineering / Operations Role,,1,,
salsalamah@americana-food.com,Americana Food,Industrial Engineering / Operations Role,,1,,
munif.alshammari@omorfiagroup.com,Omorfiagroup,Industrial Engineering / Operations Role,,1,,
baldeeb@nihr.sa,Nihr,Industrial Engineering / Operations Role,,1,,
re@delta-medlab.com,Delta Medlab,Industrial Engineering / Operations Role,,1,,
hr@metals-solutions.com.sa,Metals Solutions,Industrial Engineering / Operations Role,,1,,
najla.s@integrabuild.sa,Integrabuild,Industrial Engineering / Operations Role,,1,,
