email,domain,status,evidence,company,industry,city,role_category,region,last_contacted,last_subject,source_url,audited_on
3pl@tamergroup.com,tamergroup.com,VERIFIED,"delivered, no bounce",,,,Engineering/IE,Intl,"Sat, 01 Aug 2026 22:12:28 -0700 (PDT)",Application - Logistics & Supply Chain Engineer - Hassan Adam,,2026-08-09
a.alshammari@sasref.com.sa,sasref.com.sa,VERIFIED,"delivered, no bounce",,,,Logistics/Supply-Chain,Saudi/GCC,"Sat, 01 Aug 2026 11:00:45 -0700 (PDT)",Application for Logistics and Operations Position at Sasref,,2026-08-09
aali@saccompany.com.sa,saccompany.com.sa,VERIFIED,"delivered, no bounce",,,,Engineering/IE,Saudi/GCC,"Sat, 01 Aug 2026 11:00:52 -0700 (PDT)",Application for Industrial Engineer Position at Saccompany,,2026-08-09
aasali@sal.sa,sal.sa,VERIFIED,"delivered, no bounce",,,,Recruiting/TA,Saudi/GCC,"Fri, 31 Jul 2026 15:40:58 -0700",Cut SAL's time-to-hire by 80% =?utf-8?b?4oCU?= automated recruitment,,2026-08-09
abdulla.shaaban@bureauveritas.com,bureauveritas.com,VERIFIED,"delivered, no bounce",,,,Logistics/Supply-Chain,Intl,"Sat, 01 Aug 2026 11:01:12 -0700 (PDT)",Application for Logistics and Operations Role at Bureauveritas,,2026-08-09
abdulrahman.alrubaysh@abwaab.com,abwaab.com,VERIFIED,"delivered, no bounce",Abwaab,Education Technology,Riyadh,,,"Sun, 09 Aug 2026 00:05:47 -0700 (PDT)",Job Application =?utf-8?q?=E2=80=93_Operations_Coordinator_?=,https://t.me/s/mrktobs,2026-08-09
abeer.baabbad@chalhoub.com,chalhoub.com,VERIFIED,"delivered, no bounce",,,,Recruiting/TA,Intl,"Fri, 31 Jul 2026 15:41:00 -0700",Automate Chalhoub Group Jeddah recruitment pipeline,,2026-08-09
admin@aamcosa.com,aamcosa.com,VERIFIED,"delivered, no bounce",AAMCO,Industrial Services,Dammam,,,"Sat, 08 Aug 2026 17:18:26 -0700 (PDT)",Job Application =?utf-8?q?=E2=80=93_Operations_Coordinator_?=,https://t.me/s/jobs2ksa,2026-08-09
ahcjobs@al-hoty.com,al-hoty.com,VERIFIED,"delivered, no bounce",,,,Logistics/Supply-Chain,Intl,"Sat, 01 Aug 2026 11:01:47 -0700 (PDT)",Application for Operations and Supply Chain Position at Al-Hoty,,2026-08-09
ahmed@ghazioverseas.sa.com,ghazioverseas.sa.com,VERIFIED,"delivered, no bounce",,,,Engineering/IE,Saudi/GCC,"Sat, 01 Aug 2026 11:01:58 -0700 (PDT)",Application for Industrial Engineer Position at Ghazioverseas,,2026-08-09
akelco@akel.com.sa,akel.com.sa,VERIFIED,"delivered, no bounce",,,,Engineering/IE,Saudi/GCC,"Sat, 01 Aug 2026 11:02:20 -0700 (PDT)",Application for Industrial Engineering Position at Akel,,2026-08-09
al.alshaikh@bonyan.sa,bonyan.sa,RISKY,soft bounce / deferred,,,,Engineering/IE,Saudi/GCC,"Sat, 01 Aug 2026 11:02:38 -0700 (PDT)",Application for Industrial Engineer Position at Bonyan,,2026-08-09
alshyaa.nasser.bajabaa@ccssaudi.com,ccssaudi.com,DEAD,hard bounce (5.x.x),,,,,,"Sat, 08 Aug 2026 17:05:17 -0700 (PDT)",=?utf-8?b?2LPZitix2Kkg2LDYp9iq2YrYqSDigJMg2YXZh9mG2K/YsyDZg9mH2LE=?=,,2026-08-09
api-service@deepseek.com,deepseek.com,VERIFIED,"delivered, no bounce",,,,General/Other,Intl,"Fri, 31 Jul 2026 13:56:19 -0700",Billing activation issue - $2 payment received but credits not,,2026-08-09
apmms@atco.com.sa,atco.com.sa,VERIFIED,"delivered, no bounce",,,,Engineering/IE,Saudi/GCC,"Sat, 01 Aug 2026 11:02:58 -0700 (PDT)",Application for Industrial Engineer Position at Atco,,2026-08-09
apply@gemseducation.com,gemseducation.com,DEAD,hard bounce (5.x.x),,,,Education,Intl,"Fri, 07 Aug 2026 11:35:32 -0700 (PDT)",=?utf-8?q?Job_Opportunity_Inquiry_=E2=80=94_GEMS_Education_=28Apply=29_=E2=80=94_Hassan_Ad,,2026-08-09
applyassistance@danaher.com,danaher.com,VERIFIED,"delivered, no bounce",,,,General/Other,Intl,"Fri, 31 Jul 2026 17:47:37 -0700","Application =?utf-8?b?4oCU?= Shipping Coordinator (Analyst I), Riyadh",,2026-08-09
arabiatalent@savola.com,savola.com,VERIFIED,"delivered, no bounce",,,,Recruiting/TA,Intl,"Sat, 1 Aug 2026 03:51:02 +0100",Talent acquisition support =?utf-8?b?4oCU?= automated posting and AI,,2026-08-09
aramco-jobs@aramcoasia.com,aramcoasia.com,VERIFIED,"delivered, no bounce",,,,Logistics/Supply-Chain,Intl,"Sat, 01 Aug 2026 11:28:52 -0700 (PDT)",Application for Logistics/Supply Chain Position at Aramcoasia,,2026-08-09
are@alrabiah.com.sa,alrabiah.com.sa,VERIFIED,"delivered, no bounce",,,,Logistics/Supply-Chain,Saudi/GCC,"Sat, 01 Aug 2026 17:50:52 -0700 (PDT)",Application for Operations Position at Alrabiah,,2026-08-09
ask@riyadhpharma.com,riyadhpharma.com,VERIFIED,"delivered, no bounce",,,,Engineering/IE,Intl,"Sun, 02 Aug 2026 05:16:05 -0700 (PDT)",Application - Industrial Engineer / Operations - Hasan Adam,,2026-08-09
bader.alghamdi@othaimmarkets.com,othaimmarkets.com,VERIFIED,"delivered, no bounce",Othaim Markets,Retail Hypermarkets,Riyadh,,,"Sun, 09 Aug 2026 09:41:23 -0700 (PDT)",Job Application =?utf-8?q?=E2=80=93_Operations_Coordinator_?=,https://t.me/s/tmhrjobs,2026-08-09
bandaraldheek@anan.com.sa,anan.com.sa,VERIFIED,"delivered, no bounce",,,,Logistics/Supply-Chain,Saudi/GCC,"Sat, 01 Aug 2026 16:47:53 -0700 (PDT)",Application for Logistics and Operations Position,,2026-08-09
bassam@sgeme.com,sgeme.com,VERIFIED,"delivered, no bounce",SGEM,Business Services,Riyadh,,,"Sat, 08 Aug 2026 17:49:41 -0700 (PDT)",Job Application =?utf-8?q?=E2=80=93_Operations_Coordinator_?=,https://t.me/s/Saudirecruiters,2026-08-09
bdm@ditrc.com,ditrc.com,VERIFIED,"delivered, no bounce",,,,Logistics/Supply-Chain,Intl,"Sat, 01 Aug 2026 17:49:12 -0700 (PDT)",Application for Operations Role at Ditrc,,2026-08-09
care@jarir.com,jarir.com,VERIFIED,"delivered, no bounce",,,,Engineering/IE,Intl,"Sun, 02 Aug 2026 05:16:36 -0700 (PDT)",Application - Industrial Engineer / Operations - Hasan Adam,,2026-08-09
care@naqel.com.sa,naqel.com.sa,VERIFIED,"delivered, no bounce",,,,Logistics/Supply-Chain,Saudi/GCC,"Sun, 02 Aug 2026 03:05:08 -0700 (PDT)",Application for Logistics Position at Naqel Express,,2026-08-09
career-ksa@groupeseb.com,groupeseb.com,VERIFIED,"delivered, no bounce",,,,,,"Mon, 13 Jul 2026 16:00:18 +0000",=?Windows-1252?Q?Application_for_Promoter_Position_=96_Hasan_Adam?=,,2026-08-09
career.dmm@sghgroup.net,sghgroup.net,VERIFIED,"delivered, no bounce",,,,Logistics/Supply-Chain,Intl,"Sat, 01 Aug 2026 17:48:20 -0700 (PDT)",Application for Operations Role at Sghgroup,,2026-08-09
career.saudiarabia@kaefer.com,kaefer.com,VERIFIED,"delivered, no bounce",,,,Engineering/IE,Saudi/GCC,"Sat, 01 Aug 2026 16:47:33 -0700 (PDT)",Application for Industrial Engineer Position at Kaefer,,2026-08-09
career@almanahospital.com.sa,almanahospital.com.sa,VERIFIED,"delivered, no bounce",,,,Engineering/IE,Saudi/GCC,"Sat, 1 Aug 2026 10:23:06 -0700","Application - Operations / Supply Chain | Hassan Adam, Industrial",,2026-08-09
career@daminbroker.com,daminbroker.com,UNTESTED,never emailed,Damin Broker,Insurance Brokerage,Riyadh,,,,,https://t.me/s/works966,2026-08-09
career@goldenchicken.com.sa,goldenchicken.com.sa,UNTESTED,never emailed,Golden Chicken,Poultry & Food,Abha,,,,,https://t.me/s/Mksajobs,2026-08-09
career@houseofmeasurement.sa,houseofmeasurement.sa,VERIFIED,"delivered, no bounce",House of Measurement,Testing Laboratories,Riyadh,,,"Sun, 09 Aug 2026 00:33:39 -0700 (PDT)",Job Application =?utf-8?q?=E2=80=93_Operations_Coordinator_?=,https://t.me/s/Mksajobs,2026-08-09
career@hyundai.mynaghi.com,hyundai.mynaghi.com,DEAD,hard bounce (5.x.x),,,,General/Other,Intl,"Fri, 31 Jul 2026 18:46:45 -0700",Application =?utf-8?q?=E2=80=94_Materials_Manager_=28Hyundai_KAEC?=,,2026-08-09
career@ladun.sa,ladun.sa,VERIFIED,"delivered, no bounce",Ladun,Retail Services,Riyadh,,,"Sat, 08 Aug 2026 21:45:34 -0700 (PDT)",Job Application =?utf-8?q?=E2=80=93_Operations_Coordinator_?=,https://t.me/s/Saudirecruiters,2026-08-09
career@mouwasat.com,mouwasat.com,VERIFIED,"delivered, no bounce",,,,Logistics/Supply-Chain,Intl,"Sat, 1 Aug 2026 03:31:03 +0100",Application =?utf-8?q?=E2=80=94_Operations/Supply_Chain_=28Healthca?=,,2026-08-09
career@mrbme.com,mrbme.com,DEAD,hard bounce (5.x.x),,,,Logistics/Supply-Chain,Intl,"Sun, 02 Aug 2026 17:10:09 -0700 (PDT)",Application =?utf-8?q?=E2=80=94_Operations/Supply_Chain_=E2=80=94?=,,2026-08-09
career@norfex.sa,norfex.sa,VERIFIED,"delivered, no bounce",Norfex Contracting,Construction,Al Khobar,,,"Sat, 08 Aug 2026 18:20:56 -0700 (PDT)",Job Application =?utf-8?q?=E2=80=93_Operations_Engineer_=E2=80=93?=,https://t.me/s/lksajobs,2026-08-09
career@orangepharmacy.sa,orangepharmacy.sa,VERIFIED,"delivered, no bounce",Orange Pharmacy,Pharmacy Retail,Riyadh,,,"Sat, 08 Aug 2026 19:18:30 -0700 (PDT)",Job Application =?utf-8?q?=E2=80=93_Operations_Coordinator_?=,https://t.me/s/Mksajobs,2026-08-09
career@shawarmer.com,shawarmer.com,DEAD,hard bounce (5.x.x),,,,Logistics/Supply-Chain,Intl,"Fri, 31 Jul 2026 19:31:55 -0700",Application =?utf-8?q?=E2=80=94_Supply_Chain_/_Operations_=28Shawar?=,,2026-08-09
career@sidco.com.sa,sidco.com.sa,VERIFIED,"delivered, no bounce",,,,Logistics/Supply-Chain,Saudi/GCC,"Fri, 31 Jul 2026 19:55:02 -0700",Application =?utf-8?q?=E2=80=94_Operations_/_Supply_Chain_=28SIDCO?=,,2026-08-09
career@trukker.com,trukker.com,VERIFIED,"delivered, no bounce",,,,Engineering/IE,Intl,"Sat, 1 Aug 2026 13:42:56 -0700","Application - Logistics / Business Development, Jeddah (Industrial",,2026-08-09
career@yub.com.sa,yub.com.sa,VERIFIED,"delivered, no bounce",YUB,Insurance,Riyadh,,,"Sat, 08 Aug 2026 18:48:32 -0700 (PDT)",Job Application =?utf-8?q?=E2=80=93_Operations_Coordinator_?=,https://t.me/s/works966,2026-08-09
careers.im@pg.com,pg.com,VERIFIED,"delivered, no bounce",,,,Logistics/Supply-Chain,Intl,"Sat, 01 Aug 2026 18:39:54 -0700 (PDT)",Application =?utf-8?q?=E2=80=94_Operations/Supply_Chain_=E2=80=94?=,,2026-08-09
careers.ksa@akzonobel.com,akzonobel.com,VERIFIED,"delivered, no bounce",,,,Engineering/IE,Intl,"Sat, 01 Aug 2026 16:47:43 -0700 (PDT)",Application for Industrial Engineer Position at AkzoNobel,,2026-08-09
careers.ksa@alyasra.com,alyasra.com,DEAD,hard bounce (5.x.x),Alyasra Foods,FMCG Food,Riyadh,,,"Sat, 08 Aug 2026 19:46:57 -0700 (PDT)",Job Application =?utf-8?q?=E2=80=93_Operations_Coordinator_?=,https://t.me/s/works966,2026-08-09
careers.ksa@gandour.com,gandour.com,VERIFIED,"delivered, no bounce",Gandour,FMCG Food,Jeddah,,,"Sat, 08 Aug 2026 21:44:47 -0700 (PDT)",Job Application =?utf-8?q?=E2=80=93_Operations_Coordinator_?=,https://t.me/s/Saudirecruiters,2026-08-09
careers@aathar.sa,aathar.sa,VERIFIED,"delivered, no bounce",,,,Recruiting/TA,Saudi/GCC,"Fri, 31 Jul 2026 19:51:01 -0700",Cut your time-to-hire =?utf-8?b?4oCU?= recruitment automation for,,2026-08-09
careers@acts-group.com,acts-group.com,DEAD,hard bounce (5.x.x),,,,Engineering/IE,Intl,"Sat, 1 Aug 2026 21:42:11 +0100",Application - Procurement & Logistics Officer (Industrial,,2026-08-09
careers@alhudaifhr.com,alhudaifhr.com,VERIFIED,"delivered, no bounce",,,,Logistics/Supply-Chain,Intl,"Sat, 01 Aug 2026 08:18:01 -0700 (PDT)",Application for Operations/Supply Chain Role at Al Hudaif,,2026-08-09
careers@aljasser-group.net,aljasser-group.net,VERIFIED,"delivered, no bounce",Al Jasser Group,Manufacturing (Safes),Riyadh,,,"Sat, 08 Aug 2026 19:45:26 -0700 (PDT)",Job Application =?utf-8?q?=E2=80=93_Process_/_Operations_Engineer_?=,https://t.me/s/ksarejobs,2026-08-09
careers@alkhodari.com,alkhodari.com,DEAD,hard bounce (5.x.x),,,,Logistics/Supply-Chain,Intl,"Sun, 02 Aug 2026 17:09:21 -0700 (PDT)",Application =?utf-8?q?=E2=80=94_Operations/Supply_Chain_=E2=80=94?=,,2026-08-09
careers@almarai.com,almarai.com,DEAD,hard bounce (5.x.x),,,,Logistics/Supply-Chain,Intl,"Fri, 31 Jul 2026 19:54:57 -0700",Application =?utf-8?q?=E2=80=94_Supply_Chain_/_Operations_=28Almara?=,,2026-08-09
careers@almosafer.com,almosafer.com,DEAD,hard bounce (5.x.x),,,,Logistics/Supply-Chain,Intl,"Sun, 02 Aug 2026 03:11:58 -0700 (PDT)",Application for Logistics and Operations Position at Almosafer,,2026-08-09
careers@almuaina.com,almuaina.com,VERIFIED,"delivered, no bounce",Al Muaina,Food,Dammam,,,"Sat, 08 Aug 2026 19:45:49 -0700 (PDT)",Job Application =?utf-8?q?=E2=80=93_Operations_Coordinator_?=,https://t.me/s/ksarejobs,2026-08-09
careers@almurjanhospital.com,almurjanhospital.com,VERIFIED,"delivered, no bounce",,,,Logistics/Supply-Chain,Intl,"Sat, 1 Aug 2026 11:33:51 -0700",Healthcare Operations / Supply Chain Application =?utf-8?b?4oCU?=,,2026-08-09
careers@aloula.com,aloula.com,DEAD,hard bounce (5.x.x),,,,Logistics/Supply-Chain,Intl,"Fri, 31 Jul 2026 18:46:33 -0700",Application =?utf-8?b?4oCU?= Aerodrome Operations Manager (Aloula,,2026-08-09
careers@alrashed.com,alrashed.com,DEAD,hard bounce (5.x.x),,,,Engineering/IE,Intl,"Sat, 1 Aug 2026 18:23:06 +0100",Industrial Engineer (Dammam) - Hassan Adam | Lean / Logistics /,,2026-08-09
careers@araamis.com,araamis.com,VERIFIED,"delivered, no bounce",Araamis,HR & Management Consulting,Riyadh,,,"Sat, 08 Aug 2026 21:16:51 -0700 (PDT)",Job Application =?utf-8?q?=E2=80=93_Operations_Coordinator_?=,https://t.me/s/tmhrjobs,2026-08-09
careers@arabiancementcompany.com,arabiancementcompany.com,VERIFIED,"delivered, no bounce",,,,Recruiting/TA,Intl,"Sat, 1 Aug 2026 04:24:20 +0100",Automated recruitment for Arabian Cement =?utf-8?b?4oCU?= 15+,,2026-08-09
careers@aramco.com,aramco.com,VERIFIED,"delivered, no bounce",,,,Engineering/IE,Intl,"Sat, 01 Aug 2026 08:43:01 -0700 (PDT)",Application for Industrial Engineer Position at Aramco,,2026-08-09
careers@becarabia.com,becarabia.com,DEAD,hard bounce (5.x.x),,,,Engineering/IE,Intl,"Sat, 1 Aug 2026 13:42:11 -0700","Application - Purchasing Team Leader, Riyadh (Industrial Engineering)",,2026-08-09
careers@chedihegra.com,chedihegra.com,VERIFIED,"delivered, no bounce",,,,Healthcare,Intl,"Fri, 31 Jul 2026 15:41:00 -0700",Automate Chedi hospitality recruitment across Saudi locations,,2026-08-09
careers@clariant-tamimi.com,clariant-tamimi.com,VERIFIED,"delivered, no bounce",Clariant Tamimi,Chemicals,Al Khobar,,,"Sat, 08 Aug 2026 17:18:03 -0700 (PDT)",Job Application =?utf-8?q?=E2=80=93_Industrial_Engineer_=E2=80=93?=,https://t.me/s/jobs2ksa,2026-08-09
careers@dallah-hospital.com,dallah-hospital.com,VERIFIED,"delivered, no bounce",,,,Logistics/Supply-Chain,Intl,"Sat, 1 Aug 2026 03:31:07 +0100",Application =?utf-8?q?=E2=80=94_Operations/Supply_Chain_=28Healthca?=,,2026-08-09
careers@dnata.com,dnata.com,RISKY,soft bounce / deferred,,,,Engineering/IE,Intl,"Sat, 1 Aug 2026 10:58:27 -0700",Application - Industrial Engineering / Ground Operations (Saudi,,2026-08-09
careers@esnadcontracting.com,esnadcontracting.com,DEAD,hard bounce (5.x.x),Esnad Contracting,Contracting,Riyadh,,,"Sun, 09 Aug 2026 09:41:47 -0700 (PDT)",Job Application =?utf-8?q?=E2=80=93_Operations_Coordinator_?=,https://t.me/s/hrksajobs,2026-08-09
careers@flowtronix-saudi.com,flowtronix-saudi.com,UNTESTED,never emailed,,,,,,,,,2026-08-09
careers@fsvisaconsultancy.com,fsvisaconsultancy.com,UNTESTED,never emailed,,,,,,,,,2026-08-09
careers@gccwalkin.com,gccwalkin.com,RISKY,soft bounce / deferred,,,,General/Other,Intl,"Fri, 07 Aug 2026 11:00:09 -0700 (PDT)",=?utf-8?q?Job_Opportunity_Inquiry_=E2=80=94_GCC_Walkin_=E2=80=94_Hassan_Adam_=28Riyadh=29?,,2026-08-09
careers@globaledventures.co.uk,globaledventures.co.uk,VERIFIED,"delivered, no bounce",,,,General/Other,MENA/Intl,"Fri, 07 Aug 2026 10:50:04 -0700 (PDT)",=?utf-8?q?Job_Opportunity_Inquiry_=E2=80=94_Global_Edventures_=E2=80=94_Hassan_Adam_=28Riy,,2026-08-09
careers@hodaithy.com,hodaithy.com,VERIFIED,"delivered, no bounce",Hodaithy,Trading & Industrial,Al Khobar,,,"Sun, 09 Aug 2026 00:02:08 -0700 (PDT)",Job Application =?utf-8?q?=E2=80=93_Operations_Coordinator_?=,https://t.me/s/lksajobs,2026-08-09
careers@ihrcanada.com,ihrcanada.com,DEAD,hard bounce (5.x.x),,,,General/Other,Intl,"Fri, 07 Aug 2026 11:05:13 -0700 (PDT)",=?utf-8?q?Job_Opportunity_Inquiry_=E2=80=94_IHR_Canada_=E2=80=94_Hassan_Adam_=28Riyadh=29?,,2026-08-09
careers@innosoft.sa,innosoft.sa,DEAD,hard bounce (5.x.x),,,,Logistics/Supply-Chain,Saudi/GCC,"Sat, 1 Aug 2026 18:58:29 +0100","Application - Operations / Business Process (Saudi National, Jeddah)",,2026-08-09
careers@jarir.com,jarir.com,VERIFIED,"delivered, no bounce",,,,Logistics/Supply-Chain,Intl,"Sat, 01 Aug 2026 08:43:46 -0700 (PDT)",Application for Logistics and Operations Position at Jarir,,2026-08-09
careers@jash.com.sa,jash.com.sa,VERIFIED,"delivered, no bounce",JASH Holdings,Business Group,Riyadh,,,"Sun, 09 Aug 2026 09:39:49 -0700 (PDT)",Job Application =?utf-8?q?=E2=80=93_Operations_Coordinator_?=,https://t.me/s/tmknjobs,2026-08-09
careers@jhah.com,jhah.com,DEAD,hard bounce (5.x.x),,,,Logistics/Supply-Chain,Intl,"Fri, 31 Jul 2026 19:54:54 -0700",Application =?utf-8?q?=E2=80=94_Operations_/_Supply_Chain_=28JHAH?=,,2026-08-09
careers@jobswind.com,jobswind.com,DEAD,hard bounce (5.x.x),,,,Engineering/IE,Intl,"Fri, 07 Aug 2026 08:06:07 -0700 (PDT)",Application: Industrial Engineer (Process Optimization) - Hassan Adam,,2026-08-09
careers@kfshrc.edu.sa,kfshrc.edu.sa,VERIFIED,"delivered, no bounce",,,,Logistics/Supply-Chain,Saudi/GCC,"Fri, 31 Jul 2026 19:30:22 -0700",Application =?utf-8?q?=E2=80=94_Operations/Supply_Chain_=28Healthca?=,,2026-08-09
careers@maaden.com.sa,maaden.com.sa,VERIFIED,"delivered, no bounce",,,,Logistics/Supply-Chain,Saudi/GCC,"Fri, 31 Jul 2026 19:54:43 -0700",Application =?utf-8?q?=E2=80=94_Operations_/_Supply_Chain_=28Maaden?=,,2026-08-09
careers@maffire.com,maffire.com,VERIFIED,"delivered, no bounce",,,,Recruiting/TA,Intl,"Sat, 1 Aug 2026 03:51:03 +0100",Recruitment automation for MAF Fire ME =?utf-8?b?4oCU?= 15+,,2026-08-09
careers@modern-electronics.com,modern-electronics.com,VERIFIED,"delivered, no bounce",Modern Electronics,Electronics & IT,Riyadh,,,"Sun, 09 Aug 2026 00:31:45 -0700 (PDT)",Job Application =?utf-8?q?=E2=80=93_Operations_Coordinator_?=,https://t.me/s/itcjobs,2026-08-09
careers@nahdi.com,nahdi.com,DEAD,hard bounce (5.x.x),,,,Engineering/IE,Intl,"Sat, 01 Aug 2026 08:43:21 -0700 (PDT)",Application for Industrial Engineer Position at Nahdi,,2026-08-09
careers@najdroads.com.sa,najdroads.com.sa,VERIFIED,"delivered, no bounce",Najd Roads,Road Infrastructure,Riyadh,,,"Sat, 08 Aug 2026 21:14:11 -0700 (PDT)",Job Application =?utf-8?q?=E2=80=93_Operations_Coordinator_?=,https://t.me/s/jobmag,2026-08-09
careers@nesr.com,nesr.com,VERIFIED,"delivered, no bounce",,,,Engineering/IE,Intl,"Sat, 1 Aug 2026 18:23:08 +0100","Application - Supply Chain / Operations (KSA) | Hassan Adam,",,2026-08-09
careers@parsons.com,parsons.com,VERIFIED,"delivered, no bounce",,,,Engineering/IE,Intl,"Fri, 31 Jul 2026 19:51:01 -0700",Application =?utf-8?b?4oCU?= Industrial Engineering / Supply Chain,,2026-08-09
careers@qaiwangroup.com,qaiwangroup.com,VERIFIED,"delivered, no bounce",,,,Logistics/Supply-Chain,Intl,"Sun, 02 Aug 2026 17:07:43 -0700 (PDT)",Application =?utf-8?q?=E2=80=94_Operations/Supply_Chain_=E2=80=94?=,,2026-08-09
careers@renadcatering.com,renadcatering.com,UNTESTED,never emailed,,,,,,,,,2026-08-09
careers@safari.com.sa,safari.com.sa,VERIFIED,"delivered, no bounce",,,,Logistics/Supply-Chain,Saudi/GCC,"Sat, 01 Aug 2026 08:17:08 -0700 (PDT)",Application for Operations/Supply Chain Role at Safari,,2026-08-09
careers@safcosp.com.sa,safcosp.com.sa,UNTESTED,never emailed,,,,,,,,,2026-08-09
careers@saucebossksa.com,saucebossksa.com,DEAD,hard bounce (5.x.x),,,,General/Other,Intl,"Fri, 07 Aug 2026 11:50:41 -0700 (PDT)",=?utf-8?q?Job_Opportunity_Inquiry_=E2=80=94_Sauce_Boss_KSA_=E2=80=94_Hassan_Adam_=28Riyadh,,2026-08-09
careers@sayeghwater.com,sayeghwater.com,VERIFIED,"delivered, no bounce",Sayegh Water,Water & Contracting,Madinah,,,"Sun, 09 Aug 2026 00:34:47 -0700 (PDT)",Job Application =?utf-8?q?=E2=80=93_Operations_Coordinator_?=,https://t.me/s/tmknjobs,2026-08-09
careers@slf-sa.com,slf-sa.com,VERIFIED,"delivered, no bounce",SLF,Industrial,Riyadh,,,"Sat, 08 Aug 2026 21:17:14 -0700 (PDT)",Job Application =?utf-8?q?=E2=80=93_Operations_Coordinator_?=,https://t.me/s/tmhrjobs,2026-08-09
careers@stc.com.sa,stc.com.sa,DEAD,hard bounce (5.x.x),,,,Logistics/Supply-Chain,Saudi/GCC,"Sat, 1 Aug 2026 03:54:46 +0100",Application =?utf-8?q?=E2=80=94_Operations_/_Supply_Chain_=28STC=29?=,,2026-08-09
careers@tamimiengineering.com,tamimiengineering.com,DEAD,hard bounce (5.x.x),,,,Logistics/Supply-Chain,Intl,"Sun, 02 Aug 2026 17:08:32 -0700 (PDT)",Application =?utf-8?q?=E2=80=94_Operations/Supply_Chain_=E2=80=94?=,,2026-08-09
careers@teacherhorizons.com,teacherhorizons.com,DEAD,hard bounce (5.x.x),,,,Education,Intl,"Fri, 07 Aug 2026 11:15:19 -0700 (PDT)",=?utf-8?q?Job_Opportunity_Inquiry_=E2=80=94_Teacher_Horizons_=E2=80=94_Hassan_Adam_=28Riya,,2026-08-09
careers@tgps.pk,tgps.pk,VERIFIED,"delivered, no bounce",,,,Logistics/Supply-Chain,MENA/Intl,"Sat, 01 Aug 2026 08:17:11 -0700 (PDT)",Application for Operations/Supply Chain Role,,2026-08-09
careers@thuriah.com.sa,thuriah.com.sa,UNTESTED,never emailed,Thuriah,Pharmacy,Riyadh,,,,,https://t.me/s/Mksajobs,2026-08-09
careers@v3international.com,v3international.com,VERIFIED,"delivered, no bounce",V3 International,Management Consulting,Riyadh,,,"Sat, 08 Aug 2026 21:46:42 -0700 (PDT)",Job Application =?utf-8?q?=E2=80=93_Operations_Coordinator_?=,https://t.me/s/m7asbah,2026-08-09
careers@zahran.com.sa,zahran.com.sa,UNTESTED,never emailed,,,,,,,,,2026-08-09
careers@zain.com,zain.com,DEAD,hard bounce (5.x.x),,,,Engineering/IE,Intl,"Sat, 01 Aug 2026 08:43:15 -0700 (PDT)",Application for Industrial Engineer Position at Zain,,2026-08-09
catcosa@catcosa.com,catcosa.com,DEAD,hard bounce (5.x.x),,,,Logistics/Supply-Chain,Intl,"Sat, 01 Aug 2026 08:17:52 -0700 (PDT)",Application for Operations/Supply-Chain Role at Catcosa,,2026-08-09
central@binomairah.com,binomairah.com,VERIFIED,"delivered, no bounce",,,,Logistics/Supply-Chain,Intl,"Sat, 1 Aug 2026 02:22:17 +0100",Application =?utf-8?q?=E2=80=94_Equipment_Logistics_Manager_=28Riya?=,,2026-08-09
chrisresto@blueprinttalent.com,blueprinttalent.com,VERIFIED,"delivered, no bounce",,,,Logistics/Supply-Chain,Intl,"Sat, 1 Aug 2026 02:22:37 +0100",Application =?utf-8?q?=E2=80=94_Logistics_Specialist_=28Riyadh=29_?=,,2026-08-09
clientmiddleeast@michaelpage.ae,michaelpage.ae,VERIFIED,"delivered, no bounce",,,,Logistics/Supply-Chain,MENA/Intl,"Fri, 31 Jul 2026 17:47:37 -0700",Candidate registration =?utf-8?b?4oCU?= Operations Coordinator,,2026-08-09
corporate@alrashed.com,alrashed.com,VERIFIED,"delivered, no bounce",,,,Engineering/IE,Intl,"Sat, 1 Aug 2026 21:42:56 +0100","Application - Industrial Engineer, Dammam (CV on request)",,2026-08-09
crm3@saco-ksa.com,saco-ksa.com,VERIFIED,"delivered, no bounce",,,,Engineering/IE,Intl,"Sun, 02 Aug 2026 16:57:51 -0700 (PDT)",RE: Application - Industrial Engineer / Operations - Hasan Adam,,2026-08-09
crm@saco-ksa.com,saco-ksa.com,VERIFIED,"delivered, no bounce",,,,Engineering/IE,Intl,"Sun, 02 Aug 2026 05:17:04 -0700 (PDT)",Application - Industrial Engineer / Operations - Hasan Adam,,2026-08-09
cs@bindawood.com,bindawood.com,VERIFIED,"delivered, no bounce",,,,Engineering/IE,Intl,"Sat, 01 Aug 2026 21:25:03 -0700 (PDT)",Application =?utf-8?b?4oCU?= Supply Chain / Warehouse Operations,,2026-08-09
customer.service@saudipaper.com,saudipaper.com,VERIFIED,"delivered, no bounce",,,,Engineering/IE,Intl,"Sun, 02 Aug 2026 05:15:40 -0700 (PDT)",Application - Industrial Engineer / Operations - Hasan Adam,,2026-08-09
customercare@panda.com.sa,panda.com.sa,VERIFIED,"delivered, no bounce",,,,General/Other,Saudi/GCC,"Fri, 31 Jul 2026 17:22:04 -0700","Automate Panda's active roles =?utf-8?b?4oCU?= one submission, 15",,2026-08-09
customerservice@alrajhitakaful.com,alrajhitakaful.com,VERIFIED,"delivered, no bounce",,,,General/Other,Intl,"Sun, 02 Aug 2026 03:08:34 -0700 (PDT)",Application for Takaful Position at Al Rajhi Takaful,,2026-08-09
customerservice@tamimimarkets.com,tamimimarkets.com,VERIFIED,"delivered, no bounce",,,,Logistics/Supply-Chain,Intl,"Sat, 01 Aug 2026 22:55:16 -0700 (PDT)",Application for Logistics/Operations Position at Tamimi Markets,,2026-08-09
cv@aldawaa.com.sa,aldawaa.com.sa,VERIFIED,"delivered, no bounce",,,,Logistics/Supply-Chain,Saudi/GCC,"Sat, 1 Aug 2026 03:31:10 +0100",Application =?utf-8?b?4oCU?= Supply Chain / Inventory (Retail,,2026-08-09
cv@alfransi.com.sa,alfransi.com.sa,DEAD,hard bounce (5.x.x),,,,Logistics/Supply-Chain,Saudi/GCC,"Sat, 01 Aug 2026 08:17:25 -0700 (PDT)",Expressed Interest in Operations/Supply Chain Role at Alfransi,,2026-08-09
cv@alrajhibank.com.sa,alrajhibank.com.sa,DEAD,hard bounce (5.x.x),,,,Engineering/IE,Saudi/GCC,"Sat, 1 Aug 2026 10:58:27 -0700","Application - Industrial Engineering / Operations (Saudi National,",,2026-08-09
cv@arabianfal.com,arabianfal.com,VERIFIED,"delivered, no bounce",,,,Engineering/IE,Intl,"Sat, 1 Aug 2026 10:23:07 -0700",Application - Industrial Engineer / Operations | Hassan Adam,,2026-08-09
cv@fadensa.com,fadensa.com,UNTESTED,never emailed,Fadensa,IT Services,Riyadh,,,,,https://t.me/s/itcjobs,2026-08-09
cv@marsoom.net,marsoom.net,VERIFIED,"delivered, no bounce",Marsoom,Debt Collection Services,Al Khobar,,,"Sun, 09 Aug 2026 09:40:12 -0700 (PDT)",Job Application =?utf-8?q?=E2=80=93_Operations_Coordinator_?=,https://t.me/s/tmknjobs,2026-08-09
cv@striveoverseas.com,striveoverseas.com,VERIFIED,"delivered, no bounce",,,,Logistics/Supply-Chain,Intl,"Sat, 01 Aug 2026 08:18:09 -0700 (PDT)",Application for Operations/Supply Chain Role at Strive Overseas,,2026-08-09
cv@tafear.com,tafear.com,DEAD,hard bounce (5.x.x),,,,Logistics/Supply-Chain,Intl,"Sat, 01 Aug 2026 08:17:49 -0700 (PDT)",Application for Operations/Supply Chain Role at TafeaR,,2026-08-09
dpo@sal.sa,sal.sa,VERIFIED,"delivered, no bounce",,,,Logistics/Supply-Chain,Saudi/GCC,"Sat, 1 Aug 2026 03:31:49 +0100",Application =?utf-8?q?=E2=80=94_Logistics_/_Operations_=28SAL=29_?=,,2026-08-09
elrahma@elrahma-hr.com,elrahma-hr.com,VERIFIED,"delivered, no bounce",,,,Logistics/Supply-Chain,Intl,"Sat, 01 Aug 2026 08:17:16 -0700 (PDT)",Application for Operations/Supply-Chain Role,,2026-08-09
fatimah.zubaidi@zultec.com,zultec.com,VERIFIED,"delivered, no bounce",Zultec,Industrial Manufacturing,Jeddah,,,"Sun, 09 Aug 2026 00:31:22 -0700 (PDT)",Job Application =?utf-8?q?=E2=80=93_Process_/_Operations_Engineer_?=,https://t.me/s/mrktobs,2026-08-09
freight@anc-log.sa,anc-log.sa,VERIFIED,"delivered, no bounce",,,,Logistics/Supply-Chain,Saudi/GCC,"Sat, 1 Aug 2026 04:24:22 +0100",Logistics hiring on autopilot =?utf-8?b?4oCU?= AutoApply SA (Jeddah),,2026-08-09
hameed@saspserve.com,saspserve.com,DEAD,hard bounce (5.x.x),,,,Logistics/Supply-Chain,Intl,"Sun, 02 Aug 2026 17:06:54 -0700 (PDT)",Application =?utf-8?q?=E2=80=94_Operations/Supply_Chain_=E2=80=94?=,,2026-08-09
hello@alromansiah.com,alromansiah.com,DEAD,hard bounce (5.x.x),,,,General/Other,Intl,"Sat, 01 Aug 2026 22:59:09 -0700 (PDT)",Job Application Inquiry,,2026-08-09
hire@career-parsons.com,career-parsons.com,DEAD,hard bounce (5.x.x),,,,Logistics/Supply-Chain,Intl,"Fri, 31 Jul 2026 18:21:54 -0700",Application =?utf-8?q?=E2=80=94_Logistics_Co-ordinator_=28Tabuk=29_?=,,2026-08-09
hiring@bulkjob.in,bulkjob.in,DEAD,hard bounce (5.x.x),,,,General/Other,MENA/Intl,"Fri, 07 Aug 2026 11:10:15 -0700 (PDT)",=?utf-8?q?Job_Opportunity_Inquiry_=E2=80=94_Bulk_Job_In_=E2=80=94_Hassan_Adam_=28Riyadh=29,,2026-08-09
hiring@suplift.com,suplift.com,VERIFIED,"delivered, no bounce",Suplift,Entertainment,Riyadh,,,"Sun, 09 Aug 2026 00:32:07 -0700 (PDT)",Job Application =?utf-8?q?=E2=80=93_Operations_Coordinator_?=,https://t.me/s/itcjobs,2026-08-09
hr-job@zomangroup.com,zomangroup.com,VERIFIED,"delivered, no bounce",Zoman Group,Business Group,Dammam,,,"Sun, 09 Aug 2026 09:42:12 -0700 (PDT)",Job Application =?utf-8?q?=E2=80=93_Operations_Coordinator_?=,https://t.me/s/hrksajobs,2026-08-09
hr.cv@riyadhluxurylive.com,riyadhluxurylive.com,VERIFIED,"delivered, no bounce",Riyadh Luxury Live,Hospitality,Riyadh,,,"Sat, 08 Aug 2026 19:15:11 -0700 (PDT)",Job Application =?utf-8?q?=E2=80=93_Operations_Coordinator_?=,https://t.me/s/itcjobs,2026-08-09
hr.department@alhakbanigroup.com,alhakbanigroup.com,VERIFIED,"delivered, no bounce",Al Hakbani Group,Contracting & Services,Riyadh,,,"Sun, 09 Aug 2026 09:40:35 -0700 (PDT)",Job Application =?utf-8?q?=E2=80=93_Operations_Coordinator_?=,https://t.me/s/tmknjobs,2026-08-09
hr.department@nwbus.sa,nwbus.sa,VERIFIED,"delivered, no bounce",NWBUS,Operations & Training,Makkah,,,"Sat, 08 Aug 2026 21:43:38 -0700 (PDT)",Job Application =?utf-8?q?=E2=80=93_Operations_Coordinator_?=,https://t.me/s/Saudirecruiters,2026-08-09
hr.dsfhr@fakeeh.care,fakeeh.care,VERIFIED,"delivered, no bounce",,,,Logistics/Supply-Chain,Intl,"Sat, 1 Aug 2026 03:31:01 +0100",Application =?utf-8?q?=E2=80=94_Operations/Supply_Chain_=28Healthca?=,,2026-08-09
hr.middleeast@aecom.com,aecom.com,VERIFIED,"delivered, no bounce",,,,Engineering/IE,Intl,"Sun, 02 Aug 2026 04:32:54 -0700 (PDT)",Industrial Engineering Graduate - Application (Graduate Industrial /,,2026-08-09
hr.newaljedaani@aljedani.com,aljedani.com,UNTESTED,never emailed,Al Jedani Group,Healthcare,Jeddah,,,,,https://t.me/s/Mksajobs,2026-08-09
hr.phc@drsulaimanalhabib.com,drsulaimanalhabib.com,VERIFIED,"delivered, no bounce",,,,Logistics/Supply-Chain,Intl,"Sat, 01 Aug 2026 08:17:39 -0700 (PDT)",Application for Operations/Supply Chain Position at Dr. Sulaiman Al,,2026-08-09
hr1@allureclinics.net,allureclinics.net,VERIFIED,"delivered, no bounce",Allure Clinics,Healthcare,Riyadh,,,"Sat, 08 Aug 2026 21:43:14 -0700 (PDT)",Job Application =?utf-8?q?=E2=80=93_Operations_Coordinator_?=,https://t.me/s/Saudirecruiters,2026-08-09
hr2@albassem.com.sa,albassem.com.sa,DEAD,hard bounce (5.x.x),Albassem,Legal & HR Services,Riyadh,,,"Sun, 09 Aug 2026 00:03:36 -0700 (PDT)",Job Application =?utf-8?q?=E2=80=93_Operations_Coordinator_?=,https://t.me/s/lksajobs,2026-08-09
hr@abdullah-othaim.com,abdullah-othaim.com,UNTESTED,never emailed,,,,,,,,,2026-08-09
hr@address-group.com,address-group.com,VERIFIED,"delivered, no bounce",Address Group,Pharmacy Retail,Riyadh,,,"Sat, 08 Aug 2026 19:45:04 -0700 (PDT)",Job Application =?utf-8?q?=E2=80=93_Operations_Coordinator_?=,https://t.me/s/ksarejobs,2026-08-09
hr@adesgroup.com,adesgroup.com,VERIFIED,"delivered, no bounce",,,,Engineering/IE,Intl,"Sun, 02 Aug 2026 06:37:22 -0700 (PDT)",Application - Industrial Engineer / Operations - Hasan Adam,,2026-08-09
hr@airdinternational.com,airdinternational.com,UNTESTED,never emailed,,,,,,,,,2026-08-09
hr@aknan-group.com,aknan-group.com,VERIFIED,"delivered, no bounce",Aknan Group,Engineering Consultancy,Jeddah,,,"Sun, 09 Aug 2026 00:34:24 -0700 (PDT)",Job Application =?utf-8?q?=E2=80=93_Industrial_Engineer_=E2=80=93?=,https://t.me/s/tmhrjobs,2026-08-09
hr@alhudaifhr.com,alhudaifhr.com,VERIFIED,"delivered, no bounce",,,,Logistics/Supply-Chain,Intl,"Sat, 01 Aug 2026 08:17:58 -0700 (PDT)",Application for Operations/Supply Chain Role at Al Hudaif HR,,2026-08-09
hr@alkhaleejy-group.com,alkhaleejy-group.com,UNTESTED,never emailed,Al Khaleejy Group,Healthcare,Jeddah,,,,,https://t.me/s/Mksajobs,2026-08-09
hr@almotawa.com,almotawa.com,VERIFIED,"delivered, no bounce",Al Motawa,Accounting Services,Dammam,,,"Sat, 08 Aug 2026 17:17:39 -0700 (PDT)",Job Application =?utf-8?q?=E2=80=93_Operations_Coordinator_?=,https://t.me/s/jobs2ksa,2026-08-09
hr@alrakeen.sa,alrakeen.sa,VERIFIED,"delivered, no bounce",Al Ra'keen,IT Services,Riyadh,,,"Sun, 09 Aug 2026 00:34:01 -0700 (PDT)",Job Application =?utf-8?q?=E2=80=93_Operations_Coordinator_?=,https://t.me/s/works966,2026-08-09
hr@alwefag-est.com,alwefag-est.com,UNTESTED,never emailed,,,,,,,,,2026-08-09
hr@amrak-ksa.com,amrak-ksa.com,UNTESTED,never emailed,,,,,,,,,2026-08-09
hr@aqwase.com,aqwase.com,VERIFIED,"delivered, no bounce",,,,Recruiting/TA,Intl,"Sat, 1 Aug 2026 03:51:02 +0100",Automate your hiring pipeline =?utf-8?b?4oCU?= AutoApply SA (Jeddah),,2026-08-09
hr@arabiancement.com,arabiancement.com,RISKY,soft bounce / deferred,,,,Engineering/IE,Intl,"Sat, 01 Aug 2026 08:43:52 -0700 (PDT)",Application for Industrial Engineer Position at Arabian Cement,,2026-08-09
hr@asbisme.ae,asbisme.ae,VERIFIED,"delivered, no bounce",,,,Recruiting/TA,MENA/Intl,"Sat, 1 Aug 2026 05:00:33 +0100",Hiring into KSA? Automated sourcing and AI CV screening =?utf-8?q??=,,2026-08-09
hr@balancelab.sa,balancelab.sa,VERIFIED,"delivered, no bounce",Balance Lab,Healthcare (Medical Labs),Jeddah,,,"Sat, 08 Aug 2026 21:16:27 -0700 (PDT)",Job Application =?utf-8?q?=E2=80=93_Operations_Coordinator_?=,https://t.me/s/tmhrjobs,2026-08-09
hr@bconsult.com.sa,bconsult.com.sa,VERIFIED,"delivered, no bounce",BConsult,Engineering Consultancy,Riyadh,,,"Sat, 08 Aug 2026 19:15:54 -0700 (PDT)",Job Application =?utf-8?q?=E2=80=93_Industrial_Engineer_=E2=80=93?=,https://t.me/s/handasiah,2026-08-09
hr@binharkil.com,binharkil.com,VERIFIED,"delivered, no bounce",,,,Recruiting/TA,Intl,"Sat, 1 Aug 2026 03:51:02 +0100",Recruitment automation for Bin Harkil =?utf-8?b?4oCU?= faster,,2026-08-09
hr@binshihonco.com,binshihonco.com,VERIFIED,"delivered, no bounce",Bin Shihon,Logistics,Riyadh,,,"Sat, 08 Aug 2026 17:05:06 -0700 (PDT)",=?utf-8?b?2YXYtNix2YEg2YTZiNis2LPYqtmK2KfYqiDigJMg2KfZhNix2YrYp9i2?=,https://t.me/s/logscp,2026-08-09
hr@danubeco.com.sa,danubeco.com.sa,UNTESTED,never emailed,,,,,,,,,2026-08-09
hr@daralcode.com,daralcode.com,VERIFIED,"delivered, no bounce",Dar Al Code,Engineering Consultancy,Riyadh,,,"Sat, 08 Aug 2026 19:16:58 -0700 (PDT)",Job Application =?utf-8?q?=E2=80=93_Industrial_Engineer_=E2=80=93?=,https://t.me/s/atalla3,2026-08-09
hr@espressoculture.sa,espressoculture.sa,VERIFIED,"delivered, no bounce",Espresso Culture,Coffee & Food & Beverage,Riyadh,,,"Sat, 08 Aug 2026 19:17:21 -0700 (PDT)",Job Application =?utf-8?q?=E2=80=93_Operations_Coordinator_?=,https://t.me/s/Mksajobs,2026-08-09
hr@excellia.sa,excellia.sa,VERIFIED,"delivered, no bounce",Excellia,Marketing & Events,Riyadh,,,"Sat, 08 Aug 2026 21:46:20 -0700 (PDT)",Job Application =?utf-8?q?=E2=80=93_Operations_Coordinator_?=,https://t.me/s/Saudirecruiters,2026-08-09
hr@firstgulfcompany.com,firstgulfcompany.com,UNTESTED,never emailed,,,,,,,,,2026-08-09
hr@gemseducation.com,gemseducation.com,VERIFIED,"delivered, no bounce",,,,Engineering/IE,Intl,"Fri, 07 Aug 2026 08:16:14 -0700 (PDT)",Application: Industrial Engineer (Process Optimization) - Hassan Adam,,2026-08-09
hr@gulftekarabia.com,gulftekarabia.com,VERIFIED,"delivered, no bounce",,,,Engineering/IE,Intl,"Sat, 1 Aug 2026 17:46:36 +0100",Application =?utf-8?b?4oCT?= Estimation / Industrial Engineer,,2026-08-09
hr@hana-water.com,hana-water.com,UNTESTED,never emailed,,,,,,,,,2026-08-09
hr@herfy.com.sa,herfy.com.sa,RISKY,soft bounce / deferred,,,,Engineering/IE,Saudi/GCC,"Sat, 01 Aug 2026 08:43:28 -0700 (PDT)",Application for Industrial Engineer Position at Herfy,,2026-08-09
hr@ingaz.com.sa,ingaz.com.sa,VERIFIED,"delivered, no bounce",Ingaz Holding,IT & Technology,Riyadh,,,"Sat, 08 Aug 2026 21:14:57 -0700 (PDT)",Job Application =?utf-8?q?=E2=80=93_Operations_Coordinator_?=,https://t.me/s/jobmag,2026-08-09
hr@jmac-manpower.com,jmac-manpower.com,UNTESTED,never emailed,,,,,,,,,2026-08-09
hr@mcgc.com.sa,mcgc.com.sa,UNTESTED,never emailed,MCGC (Modern Oil Mills GC),General Contracting,Jeddah,,,,,https://t.me/s/m7asbah,2026-08-09
hr@mukoun.com.sa,mukoun.com.sa,DEAD,hard bounce (5.x.x),,,,General/Other,Saudi/GCC,"Fri, 07 Aug 2026 11:45:38 -0700 (PDT)",=?utf-8?q?Job_Opportunity_Inquiry_=E2=80=94_Mukoun_Company_=E2=80=94_Hassan_Adam_=28Riyadh,,2026-08-09
hr@nadec.com.sa,nadec.com.sa,UNTESTED,never emailed,,,,,,,,,2026-08-09
hr@powertower.com.sa,powertower.com.sa,UNTESTED,never emailed,Power Tower for Energy,Energy,Jeddah,,,,,https://t.me/s/m7asbah,2026-08-09
hr@rentmycar.sa,rentmycar.sa,VERIFIED,"delivered, no bounce",Rent My Car,Car Rental,Riyadh,,,"Sun, 09 Aug 2026 09:42:57 -0700 (PDT)",Job Application =?utf-8?q?=E2=80=93_Operations_Coordinator_?=,https://t.me/s/hrksajobs,2026-08-09
hr@saraya.sa,saraya.sa,VERIFIED,"delivered, no bounce",,,,Engineering/IE,Saudi/GCC,"Fri, 07 Aug 2026 06:35:05 -0700 (PDT)",Application: Industrial Engineer (Process Optimization / Safety,,2026-08-09
hr@saudia.com,saudia.com,VERIFIED,"delivered, no bounce",,,,Logistics/Supply-Chain,Intl,"Sat, 01 Aug 2026 08:43:40 -0700 (PDT)",Application for Logistics and Operations Position at Saudia,,2026-08-09
hr@saudischools.com,saudischools.com,RISKY,soft bounce / deferred,,,,Logistics/Supply-Chain,Intl,"Sun, 02 Aug 2026 17:06:05 -0700 (PDT)",Application =?utf-8?q?=E2=80=94_Operations/Supply_Chain_=E2=80=94?=,,2026-08-09
hr@sctrd2.com,sctrd2.com,VERIFIED,"delivered, no bounce",Specialized Day Care Center,Healthcare,Riyadh,,,"Sat, 08 Aug 2026 19:18:06 -0700 (PDT)",Job Application =?utf-8?q?=E2=80=93_Operations_Coordinator_?=,https://t.me/s/Mksajobs,2026-08-09
hr@sisco.com.sa,sisco.com.sa,VERIFIED,"delivered, no bounce",,,,Logistics/Supply-Chain,Saudi/GCC,"Sun, 02 Aug 2026 03:16:50 -0700 (PDT)",Application for Logistics and Operations Role at SISCO Saudi Arabia,,2026-08-09
hr@smascoksa.com,smascoksa.com,UNTESTED,never emailed,,,,,,,,,2026-08-09
hr@stc.com.sa,stc.com.sa,DEAD,hard bounce (5.x.x),,,,Engineering/IE,Saudi/GCC,"Sat, 01 Aug 2026 08:43:08 -0700 (PDT)",Application for Industrial Engineer Position at STC,,2026-08-09
hr@sukoon.com.sa,sukoon.com.sa,VERIFIED,"delivered, no bounce",Sukoon IECC,Healthcare,Jeddah,,,"Sat, 08 Aug 2026 19:17:44 -0700 (PDT)",Job Application =?utf-8?q?=E2=80=93_Operations_Coordinator_?=,https://t.me/s/Mksajobs,2026-08-09
hr@unicoil.com.sa,unicoil.com.sa,VERIFIED,"delivered, no bounce",,,,Engineering/IE,Saudi/GCC,"Sun, 02 Aug 2026 04:32:17 -0700 (PDT)",Industrial Engineering Graduate - Application (Industrial Engineer /,,2026-08-09
hr_talent@alfalahauto.net,alfalahauto.net,VERIFIED,"delivered, no bounce",Al Falah Auto,Automotive,Riyadh,,,"Sat, 08 Aug 2026 21:16:05 -0700 (PDT)",Job Application =?utf-8?q?=E2=80=93_Operations_Coordinator_?=,https://t.me/s/tmhrjobs,2026-08-09
hradmin@gulftekarabia.com,gulftekarabia.com,VERIFIED,"delivered, no bounce",,,,Engineering/IE,Intl,"Sun, 02 Aug 2026 02:56:04 -0700 (PDT)",RE: Application =?utf-8?b?4oCT?= Estimation / Industrial Engineer,,2026-08-09
hrd@alahsahospital.com.sa,alahsahospital.com.sa,VERIFIED,"delivered, no bounce",,,,Engineering/IE,Saudi/GCC,"Sat, 1 Aug 2026 18:23:07 +0100","Application - Operations / Supply Chain | Hassan Adam, Industrial",,2026-08-09
hrd@mbtc.com.sa,mbtc.com.sa,VERIFIED,"delivered, no bounce",,,,Logistics/Supply-Chain,Saudi/GCC,"Sat, 01 Aug 2026 08:17:22 -0700 (PDT)",Application for Operations/Supply Chain Role at MBTC,,2026-08-09
hrdepartmental@sa.yokogawa.com,sa.yokogawa.com,DEAD,hard bounce (5.x.x),,,,Engineering/IE,Intl,"Sun, 02 Aug 2026 12:47:49 -0700 (PDT)",Application - Industrial Engineer / Operations - Hasan Adam,,2026-08-09
hrksa.foodservice@transmed.com,transmed.com,VERIFIED,"delivered, no bounce",Transmed KSA,Food Distribution,Riyadh,,,"Sat, 08 Aug 2026 19:44:40 -0700 (PDT)",Job Application =?utf-8?q?=E2=80=93_Operations_Coordinator_?=,https://t.me/s/ksarejobs,2026-08-09
hrsupport5@arabian-homes.com.sa,arabian-homes.com.sa,VERIFIED,"delivered, no bounce",Arabian Homes,Real Estate Development,Riyadh,,,"Sun, 09 Aug 2026 09:42:35 -0700 (PDT)",Job Application =?utf-8?q?=E2=80=93_Operations_Coordinator_?=,https://t.me/s/hrksajobs,2026-08-09
hrsupport@archirodon.net,archirodon.net,RISKY,soft bounce / deferred,,,,Engineering/IE,Intl,"Sat, 1 Aug 2026 10:58:28 -0700",Application - Industrial Engineering / Project Operations (Saudi,,2026-08-09
human.resources@redseahousing.com,redseahousing.com,VERIFIED,"delivered, no bounce",,,,Logistics/Supply-Chain,Intl,"Sat, 1 Aug 2026 01:47:37 +0100",Application =?utf-8?b?4oCU?= Operations/Logistics Coordinator (Red,,2026-08-09
humanresources@obeidhospital.org,obeidhospital.org,VERIFIED,"delivered, no bounce",,,,Healthcare,Intl,"Fri, 31 Jul 2026 17:22:04 -0700",Automate Obeid Hospital recruitment across all departments,,2026-08-09
i.atassi@artar.com.sa,artar.com.sa,VERIFIED,"delivered, no bounce",,,,Engineering/IE,Saudi/GCC,"Sat, 1 Aug 2026 11:33:51 -0700",Industrial Engineer / Operations Application =?utf-8?b?4oCU?= Hasan,,2026-08-09
info@abunayyanholding.com,abunayyanholding.com,VERIFIED,"delivered, no bounce",,,,Engineering/IE,Intl,"Sun, 02 Aug 2026 06:36:53 -0700 (PDT)",Application - Industrial Engineer / Operations - Hasan Adam,,2026-08-09
info@aiedco.com,aiedco.com,VERIFIED,"delivered, no bounce",Aiedco,Road Operations & Maintenance,Tabuk,,,"Sat, 08 Aug 2026 21:15:19 -0700 (PDT)",Job Application =?utf-8?q?=E2=80=93_Operations_Coordinator_?=,https://t.me/s/jobmag,2026-08-09
info@alargan.com.sa,alargan.com.sa,VERIFIED,"delivered, no bounce",,,,Logistics/Supply-Chain,Saudi/GCC,"Sun, 02 Aug 2026 02:15:29 -0700 (PDT)",Application for Logistics Position at Alargan Projects,,2026-08-09
info@albawani.net,albawani.net,VERIFIED,"delivered, no bounce",,,,Logistics/Supply-Chain,Intl,"Sun, 02 Aug 2026 02:16:26 -0700 (PDT)",Application for Logistics and Operations Position,,2026-08-09
info@aldanube.com,aldanube.com,VERIFIED,"delivered, no bounce",,,,Logistics/Supply-Chain,Intl,"Sun, 02 Aug 2026 03:01:05 -0700 (PDT)",Application for Logistics and Operations Position at Al Danube,,2026-08-09
info@alesayi.com,alesayi.com,VERIFIED,"delivered, no bounce",,,,Engineering/IE,Intl,"Sat, 01 Aug 2026 19:59:21 -0700 (PDT)",Application =?utf-8?q?=E2=80=94_Industrial_Engineer_/_Logistics_?=,,2026-08-09
info@alfozan.com,alfozan.com,VERIFIED,"delivered, no bounce",,,,Engineering/IE,Intl,"Sat, 01 Aug 2026 22:21:48 -0700 (PDT)",Application - Warehouse & Supply Chain Engineer - Hassan Adam,,2026-08-09
info@alhajry-overseas.com.sa,alhajry-overseas.com.sa,VERIFIED,"delivered, no bounce",,,,Logistics/Supply-Chain,Saudi/GCC,"Sun, 02 Aug 2026 17:10:59 -0700 (PDT)",Application =?utf-8?q?=E2=80=94_Operations/Supply_Chain_=E2=80=94?=,,2026-08-09
info@aljabr.com.sa,aljabr.com.sa,VERIFIED,"delivered, no bounce",,,,Engineering/IE,Saudi/GCC,"Sat, 01 Aug 2026 21:26:18 -0700 (PDT)",Application =?utf-8?q?=E2=80=94_Operations_/_Procurement_Engineer_?=,,2026-08-09
info@aljomaih.com,aljomaih.com,VERIFIED,"delivered, no bounce",,,,Engineering/IE,Intl,"Sat, 01 Aug 2026 19:58:10 -0700 (PDT)",Application =?utf-8?q?=E2=80=94_Supply_Chain_/_Operations_Engineer_?=,,2026-08-09
info@aljouf.com.sa,aljouf.com.sa,VERIFIED,"delivered, no bounce",,,,Engineering/IE,Saudi/GCC,"Sun, 02 Aug 2026 02:10:09 -0700 (PDT)",Application for Industrial Engineer Position at Al Jouf Agricultural,,2026-08-09
info@alkifah.com,alkifah.com,VERIFIED,"delivered, no bounce",,,,Engineering/IE,Intl,"Sat, 01 Aug 2026 20:44:01 -0700 (PDT)",Application =?utf-8?b?4oCU?= Supply Chain / Industrial Engineer |,,2026-08-09
info@almoosahospital.com.sa,almoosahospital.com.sa,VERIFIED,"delivered, no bounce",,,,Logistics/Supply-Chain,Saudi/GCC,"Sun, 02 Aug 2026 02:13:37 -0700 (PDT)",Application for Operations Position at Almoosa Specialist Hospital,,2026-08-09
info@almuhaidib.com,almuhaidib.com,VERIFIED,"delivered, no bounce",,,,Engineering/IE,Intl,"Sat, 01 Aug 2026 22:22:52 -0700 (PDT)",Application - Procurement / Operations Engineer - Hassan Adam,,2026-08-09
info@alqunini.com,alqunini.com,VERIFIED,"delivered, no bounce",Al Qunini,Real Estate,Riyadh,,,"Sat, 08 Aug 2026 17:16:53 -0700 (PDT)",Job Application =?utf-8?q?=E2=80=93_Operations_Coordinator_?=,https://t.me/s/MEP_JOBS,2026-08-09
info@alromansiah.com,alromansiah.com,DEAD,hard bounce (5.x.x),,,,Logistics/Supply-Chain,Intl,"Sat, 01 Aug 2026 22:52:33 -0700 (PDT)",Application for Logistics Role in Saudi Arabia,,2026-08-09
info@alsaiflogistic.com,alsaiflogistic.com,DEAD,hard bounce (5.x.x),,,,Engineering/IE,Intl,"Sun, 02 Aug 2026 03:49:54 -0700 (PDT)",Industrial Engineering Graduate - Application (Logistics / Operations,,2026-08-09
info@alshalawi.com,alshalawi.com,VERIFIED,"delivered, no bounce",,,,Logistics/Supply-Chain,Intl,"Sun, 02 Aug 2026 17:11:47 -0700 (PDT)",Application =?utf-8?q?=E2=80=94_Operations/Supply_Chain_=E2=80=94?=,,2026-08-09
info@alsorayai.com,alsorayai.com,VERIFIED,"delivered, no bounce",,,,General/Other,Intl,"Sat, 01 Aug 2026 22:56:23 -0700 (PDT)",Job Application for Al Sorayai Group,,2026-08-09
info@altaaqa.com,altaaqa.com,VERIFIED,"delivered, no bounce",,,,Engineering/IE,Intl,"Sat, 01 Aug 2026 20:38:02 -0700 (PDT)",Application =?utf-8?q?=E2=80=94_Logistics_=26_Operations_Engineer_?=,,2026-08-09
info@americanarestaurants.com,americanarestaurants.com,VERIFIED,"delivered, no bounce",,,,Engineering/IE,Intl,"Sun, 02 Aug 2026 05:15:13 -0700 (PDT)",Application - Industrial Engineer / Operations - Hasan Adam,,2026-08-09
info@amiantit.com,amiantit.com,VERIFIED,"delivered, no bounce",,,,Engineering/IE,Intl,"Sat, 01 Aug 2026 20:33:12 -0700 (PDT)",Application =?utf-8?q?=E2=80=94_Industrial_Engineer_/_Operations_?=,,2026-08-09
info@apc.com.sa,apc.com.sa,VERIFIED,"delivered, no bounce",,,,Engineering/IE,Saudi/GCC,"Sat, 01 Aug 2026 20:35:38 -0700 (PDT)",Application =?utf-8?b?4oCU?= Industrial Engineer / Process &,,2026-08-09
info@apparelgroup.com,apparelgroup.com,VERIFIED,"delivered, no bounce",,,,Logistics/Supply-Chain,Intl,"Sun, 02 Aug 2026 02:21:22 -0700 (PDT)",Application for Logistics and Operations Position at Apparel Group,,2026-08-09
info@arabianfal.com,arabianfal.com,VERIFIED,"delivered, no bounce",,,,Engineering/IE,Intl,"Sat, 01 Aug 2026 20:41:47 -0700 (PDT)",Application =?utf-8?b?4oCU?= Industrial Engineer / Operations &,,2026-08-09
info@assignmentgulftimes.com,assignmentgulftimes.com,UNTESTED,never emailed,,,,,,,,,2026-08-09
info@atco.com.sa,atco.com.sa,VERIFIED,"delivered, no bounce",,,,Engineering/IE,Saudi/GCC,"Sat, 1 Aug 2026 18:23:07 +0100","Application - Operations / Logistics | Hassan Adam, Industrial",,2026-08-09
info@bawan.com.sa,bawan.com.sa,VERIFIED,"delivered, no bounce",,,,Engineering/IE,Saudi/GCC,"Sat, 01 Aug 2026 20:32:06 -0700 (PDT)",Application =?utf-8?b?4oCU?= Industrial Engineer / Production &,,2026-08-09
info@becarabia.com,becarabia.com,VERIFIED,"delivered, no bounce",,,,Engineering/IE,Intl,"Sat, 1 Aug 2026 14:50:17 -0700",Application =?utf-8?b?4oCU?= Purchasing / Procurement (Saudi,,2026-08-09
info@becsaudi.com,becsaudi.com,VERIFIED,"delivered, no bounce",,,,Logistics/Supply-Chain,Intl,"Sat, 01 Aug 2026 22:06:03 -0700 (PDT)",Following up - Purchasing / Supply Chain application - Hassan Adam,,2026-08-09
info@binharkil.com,binharkil.com,VERIFIED,"delivered, no bounce",,,,Recruiting/TA,Intl,"Fri, 31 Jul 2026 20:24:20 -0700",Cut your time-to-hire at Bin Harkil =?utf-8?b?4oCU?= automated,,2026-08-09
info@care.med.sa,care.med.sa,VERIFIED,"delivered, no bounce",,,,Recruiting/TA,Saudi/GCC,"Fri, 31 Jul 2026 15:41:00 -0700",156 open roles =?utf-8?b?4oCU?= automate your entire recruitment,,2026-08-09
info@catrion.com,catrion.com,VERIFIED,"delivered, no bounce",,,,Engineering/IE,Intl,"Sat, 01 Aug 2026 21:27:24 -0700 (PDT)",Application =?utf-8?q?=E2=80=94_Logistics_=26_Operations_Engineer_?=,,2026-08-09
info@chalhoub.com,chalhoub.com,VERIFIED,"delivered, no bounce",,,,Engineering/IE,Intl,"Sat, 1 Aug 2026 08:05:03 -0700","Application - Supply Chain / Procurement (Jeddah) - Hasan Adam,",,2026-08-09
info@dar.com,dar.com,VERIFIED,"delivered, no bounce",,,,Engineering/IE,Intl,"Sun, 02 Aug 2026 04:32:42 -0700 (PDT)",Industrial Engineering Graduate - Application (Graduate Planning /,,2026-08-09
info@drakescull.com,drakescull.com,VERIFIED,"delivered, no bounce",,,,Engineering/IE,Intl,"Sun, 02 Aug 2026 03:49:41 -0700 (PDT)",Industrial Engineering Graduate - Application (Industrial / Project,,2026-08-09
info@dussur.com,dussur.com,VERIFIED,"delivered, no bounce",,,,Engineering/IE,Intl,"Sat, 01 Aug 2026 20:42:56 -0700 (PDT)",Application =?utf-8?b?4oCU?= Industrial Engineer / Operations Analyst,,2026-08-09
info@eic.com.sa,eic.com.sa,VERIFIED,"delivered, no bounce",,,,Engineering/IE,Saudi/GCC,"Sun, 02 Aug 2026 05:01:48 -0700 (PDT)",Application - Industrial Engineer / Operations - Hasan Adam,,2026-08-09
info@ejad.sa,ejad.sa,VERIFIED,"delivered, no bounce",,,,Recruiting/TA,Saudi/GCC,"Fri, 31 Jul 2026 20:24:21 -0700",Recruitment automation partnership =?utf-8?b?4oCU?= AutoApply SA,,2026-08-09
info@el-seif.com.sa,el-seif.com.sa,DEAD,hard bounce (5.x.x),,,,Logistics/Supply-Chain,Saudi/GCC,"Fri, 31 Jul 2026 19:31:46 -0700",Application =?utf-8?q?=E2=80=94_Site_Logistics_/_Procurement_=28El_?=,,2026-08-09
info@eramtalent.com,eramtalent.com,VERIFIED,"delivered, no bounce",,,,Engineering/IE,Intl,"Sat, 1 Aug 2026 09:46:36 -0700",Candidate Registration =?utf-8?b?4oCT?= Industrial Engineering /,,2026-08-09
info@familycare.com.sa,familycare.com.sa,VERIFIED,"delivered, no bounce",,,,Logistics/Supply-Chain,Saudi/GCC,"Sat, 1 Aug 2026 19:33:52 +0100",Healthcare Operations / Supply Chain Application =?utf-8?b?4oCU?=,,2026-08-09
info@fipco.com.sa,fipco.com.sa,VERIFIED,"delivered, no bounce",,,,Engineering/IE,Saudi/GCC,"Sat, 01 Aug 2026 22:09:12 -0700 (PDT)",Application - Industrial Engineer / Production Planning - Hassan Adam,,2026-08-09
info@gasco.com,gasco.com,DEAD,hard bounce (5.x.x),,,,Engineering/IE,Intl,"Sat, 01 Aug 2026 21:23:46 -0700 (PDT)",Application =?utf-8?q?=E2=80=94_Industrial_Engineer_/_Operations_?=,,2026-08-09
info@gfsxpress.com,gfsxpress.com,VERIFIED,"delivered, no bounce",GFS Express,Logistics Services,Buraydah,,,"Sat, 08 Aug 2026 18:18:18 -0700 (PDT)",Job Application =?utf-8?q?=E2=80=93_Logistics_Coordinator_=E2=80=93?=,https://t.me/s/m7asbah,2026-08-09
info@gulftekarabia.com,gulftekarabia.com,VERIFIED,"delivered, no bounce",,,,Engineering/IE,Intl,"Sat, 1 Aug 2026 15:39:10 -0700",Application - Industrial / Estimation / QA Engineer (Saudi National),,2026-08-09
info@hadeed.com.sa,hadeed.com.sa,VERIFIED,"delivered, no bounce",,,,Engineering/IE,Saudi/GCC,"Sun, 02 Aug 2026 12:18:37 -0700 (PDT)",Application - Industrial Engineer / Operations - Hasan Adam,,2026-08-09
info@halwani.com.sa,halwani.com.sa,VERIFIED,"delivered, no bounce",,,,Engineering/IE,Saudi/GCC,"Sat, 01 Aug 2026 20:34:17 -0700 (PDT)",Application =?utf-8?q?=E2=80=94_Supply_Chain_/_Logistics_Engineer_?=,,2026-08-09
info@hassanallam.com,hassanallam.com,VERIFIED,"delivered, no bounce",,,,Engineering/IE,Intl,"Sat, 01 Aug 2026 22:10:15 -0700 (PDT)",Application - Planning / Operations Engineer - Hassan Adam,,2026-08-09
info@hijazmalls.com,hijazmalls.com,VERIFIED,"delivered, no bounce",,,,Logistics/Supply-Chain,Intl,"Sat, 1 Aug 2026 04:24:20 +0100",Hiring retail and operations staff faster =?utf-8?b?4oCU?= AutoApply,,2026-08-09
info@hillintl.com,hillintl.com,VERIFIED,"delivered, no bounce",,,,Logistics/Supply-Chain,Intl,"Sat, 1 Aug 2026 16:05:03 +0100","Application - Logistics Representative, Saudi Arabia - Hasan Adam",,2026-08-09
info@hireeleven.com,hireeleven.com,VERIFIED,"delivered, no bounce",,,,Logistics/Supply-Chain,Intl,"Sat, 01 Aug 2026 08:17:02 -0700 (PDT)",Application for Operations/Supply Chain Role at Hire Eleven,,2026-08-09
info@hirejubail.com,hirejubail.com,VERIFIED,"delivered, no bounce",,,,Engineering/IE,Intl,"Fri, 07 Aug 2026 08:11:10 -0700 (PDT)",Application: Industrial Engineer (Process Optimization) - Hassan Adam,,2026-08-09
info@ipc.com.sa,ipc.com.sa,VERIFIED,"delivered, no bounce",,,,Engineering/IE,Saudi/GCC,"Sun, 02 Aug 2026 03:02:02 -0700 (PDT)",Application for Industrial Project Position,,2026-08-09
info@irf.com.sa,irf.com.sa,VERIFIED,"delivered, no bounce",,,,Engineering/IE,Saudi/GCC,"Sat, 1 Aug 2026 18:48:39 -0700",Career Application =?utf-8?b?4oCU?= Industrial Engineer / Production,,2026-08-09
info@jamjoompharma.com,jamjoompharma.com,VERIFIED,"delivered, no bounce",,,,Engineering/IE,Intl,"Sat, 01 Aug 2026 22:23:52 -0700 (PDT)",Application - Supply Chain / Production Engineer - Hassan Adam,,2026-08-09
info@jasarapmc.com,jasarapmc.com,VERIFIED,"delivered, no bounce",,,,Engineering/IE,Intl,"Sat, 1 Aug 2026 08:05:03 -0700","Logistics / Supply Chain Application - Hasan Adam, Industrial",,2026-08-09
info@jasarapmc.com.sa,jasarapmc.com.sa,VERIFIED,"delivered, no bounce",,,,Logistics/Supply-Chain,Saudi/GCC,"Sat, 01 Aug 2026 22:50:38 -0700 (PDT)",Following up on Logistics/Supply Chain Application,,2026-08-09
info@jeddah-cable.com,jeddah-cable.com,VERIFIED,"delivered, no bounce",,,,Recruiting/TA,Intl,"Fri, 31 Jul 2026 20:24:21 -0700",Automated hiring for Jeddah Cable =?utf-8?b?4oCU?= technical roles,,2026-08-09
info@jeraisy.com,jeraisy.com,VERIFIED,"delivered, no bounce",,,,Logistics/Supply-Chain,Intl,"Sun, 02 Aug 2026 03:17:47 -0700 (PDT)",Application for Logistics/Operations Position at Jeraisy Group,,2026-08-09
info@maadaniyah.com,maadaniyah.com,VERIFIED,"delivered, no bounce",,,,Engineering/IE,Intl,"Sat, 01 Aug 2026 22:07:14 -0700 (PDT)",Application - Industrial Engineer / Operations - Hassan Adam,,2026-08-09
info@mawref.com,mawref.com,VERIFIED,"delivered, no bounce",,,,Engineering/IE,Intl,"Sun, 2 Aug 2026 02:48:39 +0100",Application =?utf-8?b?4oCU?= Logistics & Operations Coordinator |,,2026-08-09
info@mayar.com,mayar.com,VERIFIED,"delivered, no bounce",,,,Logistics/Supply-Chain,Intl,"Fri, 31 Jul 2026 21:00:34 -0700",Automated hiring support for your supply chain vacancies,,2026-08-09
info@mbl.com.sa,mbl.com.sa,VERIFIED,"delivered, no bounce",,,,Engineering/IE,Saudi/GCC,"Sun, 02 Aug 2026 11:10:23 -0700 (PDT)",Application - Industrial Engineer / Operations - Hasan Adam,,2026-08-09
info@mep.co,mep.co,VERIFIED,"delivered, no bounce",,,,Engineering/IE,Intl,"Sun, 02 Aug 2026 05:54:34 -0700 (PDT)",Application - Industrial Engineer / Operations - Hasan Adam,,2026-08-09
info@metito.com,metito.com,VERIFIED,"delivered, no bounce",,,,Engineering/IE,Intl,"Sun, 02 Aug 2026 06:36:25 -0700 (PDT)",Application - Industrial Engineer / Operations - Hasan Adam,,2026-08-09
info@modernmills.com.sa,modernmills.com.sa,VERIFIED,"delivered, no bounce",,,,Logistics/Supply-Chain,Saudi/GCC,"Sun, 02 Aug 2026 03:14:55 -0700 (PDT)",Application for Logistics and Operations Position,,2026-08-09
info@mouwasat.com,mouwasat.com,VERIFIED,"delivered, no bounce",,,,Logistics/Supply-Chain,Intl,"Sun, 02 Aug 2026 02:14:32 -0700 (PDT)",Application for Logistics Position at Mouwasat Medical Services,,2026-08-09
info@mukamalah.com,mukamalah.com,VERIFIED,"delivered, no bounce",,,,Engineering/IE,Intl,"Fri, 31 Jul 2026 19:51:01 -0700",Enquiry =?utf-8?b?4oCU?= graduate / entry-level opportunities,,2026-08-09
info@nabatat.com.sa,nabatat.com.sa,VERIFIED,"delivered, no bounce",,,,Engineering/IE,Saudi/GCC,"Sat, 01 Aug 2026 20:36:52 -0700 (PDT)",Application =?utf-8?q?=E2=80=94_Operations_/_Procurement_Engineer_?=,,2026-08-09
info@najrancement.com,najrancement.com,VERIFIED,"delivered, no bounce",,,,Engineering/IE,Intl,"Sun, 02 Aug 2026 03:49:29 -0700 (PDT)",Industrial Engineering Graduate - Application (Industrial Engineer /,,2026-08-09
info@narges.com.sa,narges.com.sa,VERIFIED,"delivered, no bounce",Narges,Contracting,Riyadh,,,"Sat, 08 Aug 2026 17:20:25 -0700 (PDT)",Job Application =?utf-8?q?=E2=80=93_Operations_Coordinator_?=,https://t.me/s/jobmag,2026-08-09
info@nesmapartners.com,nesmapartners.com,VERIFIED,"delivered, no bounce",,,,Logistics/Supply-Chain,Intl,"Sun, 02 Aug 2026 03:12:57 -0700 (PDT)",Application for Logistics/Operations Position at Nesma & Partners,,2026-08-09
info@nupco.com,nupco.com,VERIFIED,"delivered, no bounce",,,,Logistics/Supply-Chain,Intl,"Sat, 01 Aug 2026 22:54:22 -0700 (PDT)",Application for Logistics and Operations Position at NUPCO (Saudi,,2026-08-09
info@obeidhospitals.com,obeidhospitals.com,DEAD,hard bounce (5.x.x),,,,Healthcare,Intl,"Fri, 31 Jul 2026 15:41:01 -0700",Automate Obeid Hospital recruitment across all departments,,2026-08-09
info@petromin.com,petromin.com,VERIFIED,"delivered, no bounce",,,,Engineering/IE,Intl,"Sat, 01 Aug 2026 22:20:41 -0700 (PDT)",Application - Supply Chain / Operations Engineer - Hassan Adam,,2026-08-09
info@rajhisteel.com,rajhisteel.com,VERIFIED,"delivered, no bounce",,,,Logistics/Supply-Chain,Intl,"Sun, 02 Aug 2026 03:03:04 -0700 (PDT)",Application for Logistics and Operations Position at Al Rajhi Steel,,2026-08-09
info@ramclinics.com,ramclinics.com,VERIFIED,"delivered, no bounce",,,,Logistics/Supply-Chain,Intl,"Sat, 1 Aug 2026 19:33:52 +0100",Healthcare Operations / Supply Chain Application =?utf-8?b?4oCU?=,,2026-08-09
info@realm-sa.com,realm-sa.com,VERIFIED,"delivered, no bounce",Realm Saudi,Architecture & Engineering,Jeddah,,,"Sat, 08 Aug 2026 17:17:16 -0700 (PDT)",Job Application =?utf-8?q?=E2=80=93_Industrial_Engineer_=E2=80=93?=,https://t.me/s/MEP_JOBS,2026-08-09
info@redcaviation.com,redcaviation.com,VERIFIED,"delivered, no bounce",,,,,,"Tue, 14 Jul 2026 10:41:42 +0000",Job Application,,2026-08-09
info@riyadhairports.com,riyadhairports.com,VERIFIED,"delivered, no bounce",,,,Logistics/Supply-Chain,Intl,"Sun, 02 Aug 2026 02:17:22 -0700 (PDT)",Application for Logistics/Operations Position,,2026-08-09
info@salla.sa,salla.sa,VERIFIED,"delivered, no bounce",,,,Logistics/Supply-Chain,Saudi/GCC,"Sun, 02 Aug 2026 02:19:28 -0700 (PDT)","Application for Logistics Position in Salla, Saudi Arabia",,2026-08-09
info@sandsjeddah.com,sandsjeddah.com,VERIFIED,"delivered, no bounce",,,,Healthcare,Intl,"Fri, 31 Jul 2026 20:24:21 -0700",Filling hospitality roles faster at Sands Hotel =?utf-8?b?4oCU?=,,2026-08-09
info@saned.com.sa,saned.com.sa,VERIFIED,"delivered, no bounce",,,,Engineering/IE,Saudi/GCC,"Sun, 02 Aug 2026 04:32:29 -0700 (PDT)",Industrial Engineering Graduate - Application (Industrial /,,2026-08-09
info@saudicable.com,saudicable.com,VERIFIED,"delivered, no bounce",,,,Engineering/IE,Intl,"Sat, 01 Aug 2026 22:08:13 -0700 (PDT)",Application - Industrial / Production Engineer - Hassan Adam,,2026-08-09
info@saudiceramics.com,saudiceramics.com,VERIFIED,"delivered, no bounce",,,,Engineering/IE,Intl,"Sun, 02 Aug 2026 05:54:03 -0700 (PDT)",Application - Industrial Engineer / Operations - Hasan Adam,,2026-08-09
info@saudireadymix.com.sa,saudireadymix.com.sa,VERIFIED,"delivered, no bounce",,,,Engineering/IE,Saudi/GCC,"Sat, 01 Aug 2026 20:40:39 -0700 (PDT)",Application =?utf-8?b?4oCU?= Industrial Engineer / Operations &,,2026-08-09
info@savola.com,savola.com,VERIFIED,"delivered, no bounce",,,,Engineering/IE,Intl,"Sat, 01 Aug 2026 21:22:38 -0700 (PDT)",Application =?utf-8?q?=E2=80=94_Supply_Chain_/_Industrial_Engineer_?=,,2026-08-09
info@seagullhr.com,seagullhr.com,VERIFIED,"delivered, no bounce",,,,Logistics/Supply-Chain,Intl,"Sat, 01 Aug 2026 08:18:14 -0700 (PDT)",Application for Operations/Supply Chain Position,,2026-08-09
info@shawarmer.com,shawarmer.com,VERIFIED,"delivered, no bounce",,,,Recruiting/TA,Intl,"Sat, 1 Aug 2026 04:24:22 +0100","High-volume restaurant hiring, automated =?utf-8?b?4oCU?= AutoApply",,2026-08-09
info@sipco.com.sa,sipco.com.sa,VERIFIED,"delivered, no bounce",,,,Logistics/Supply-Chain,Saudi/GCC,"Sun, 02 Aug 2026 03:18:43 -0700 (PDT)",Application for Logistics/Operations Role at SIPCO (Saudi Arabia),,2026-08-09
info@sirc.sa,sirc.sa,VERIFIED,"delivered, no bounce",,,,Engineering/IE,Saudi/GCC,"Sun, 02 Aug 2026 06:38:00 -0700 (PDT)",Application - Industrial Engineer / Operations - Hasan Adam,,2026-08-09
info@smsaexpress.com,smsaexpress.com,VERIFIED,"delivered, no bounce",,,,Logistics/Supply-Chain,Intl,"Sun, 02 Aug 2026 03:07:19 -0700 (PDT)",Application for Logistics and Operations Position at SMSA Express,,2026-08-09
info@spimaco.sa,spimaco.sa,VERIFIED,"delivered, no bounce",,,,Logistics/Supply-Chain,Saudi/GCC,"Sun, 02 Aug 2026 03:04:04 -0700 (PDT)",Application for Logistics and Operations Position at SPIMACO Addwaeih,,2026-08-09
info@ssc-hr.com,ssc-hr.com,VERIFIED,"delivered, no bounce",,,,Logistics/Supply-Chain,Intl,"Sat, 1 Aug 2026 02:42:02 +0100",Application =?utf-8?b?4oCU?= Logistics & Supply Chain Manager,,2026-08-09
info@sunbulah.com,sunbulah.com,RISKY,soft bounce / deferred,,,,Logistics/Supply-Chain,Intl,"Sat, 01 Aug 2026 22:53:28 -0700 (PDT)",Application for Logistics and Operations Position at Sunbulah Group,,2026-08-09
info@tabukpharmaceuticals.com,tabukpharmaceuticals.com,VERIFIED,"delivered, no bounce",,,,Engineering/IE,Intl,"Sat, 01 Aug 2026 22:24:49 -0700 (PDT)",Application - Industrial Engineer / Operations - Hassan Adam,,2026-08-09
info@tascoutsourcing.com,tascoutsourcing.com,VERIFIED,"delivered, no bounce",,,,Engineering/IE,Intl,"Sat, 1 Aug 2026 18:23:06 +0100",Application - Supply Coordinator / Supply Chain (Riyadh) | Hassan,,2026-08-09
info@thiqah.sa,thiqah.sa,VERIFIED,"delivered, no bounce",,,,Logistics/Supply-Chain,Saudi/GCC,"Sun, 02 Aug 2026 02:18:27 -0700 (PDT)",Application for Logistics Position at Thiqah Business Services,,2026-08-09
info@trukker.com,trukker.com,DEAD,hard bounce (5.x.x),,,,Logistics/Supply-Chain,Intl,"Sat, 1 Aug 2026 18:23:06 +0100",Application - Logistics / Land Freight Operations (Jeddah) | Hassan,,2026-08-09
info@vgconsultancy.net,vgconsultancy.net,UNTESTED,never emailed,,,,,,,,,2026-08-09
info@wadi-jeddah.com.sa,wadi-jeddah.com.sa,VERIFIED,"delivered, no bounce",,,,Recruiting/TA,Saudi/GCC,"Sat, 1 Aug 2026 04:24:20 +0100",Recruitment automation for Wadi Jeddah portfolio companies,,2026-08-09
info@wood.com,wood.com,VERIFIED,"delivered, no bounce",,,,Engineering/IE,Intl,"Sun, 02 Aug 2026 04:33:06 -0700 (PDT)",Industrial Engineering Graduate - Application (Graduate Industrial /,,2026-08-09
info@yasref.com,yasref.com,VERIFIED,"delivered, no bounce",,,,Engineering/IE,Intl,"Sun, 02 Aug 2026 04:32:04 -0700 (PDT)",Industrial Engineering Graduate - Application (Industrial / Process,,2026-08-09
info@zahid.com,zahid.com,VERIFIED,"delivered, no bounce",,,,Engineering/IE,Intl,"Sun, 02 Aug 2026 06:38:35 -0700 (PDT)",Application - Industrial Engineer / Operations - Hasan Adam,,2026-08-09
info@zajil.com,zajil.com,VERIFIED,"delivered, no bounce",,,,Engineering/IE,Intl,"Sun, 02 Aug 2026 03:06:16 -0700 (PDT)",Application for Industrial Engineer Position at Zajil Express,,2026-08-09
infoksa@acts-int.com,acts-int.com,VERIFIED,"delivered, no bounce",,,,Engineering/IE,Intl,"Sat, 1 Aug 2026 22:50:17 +0100",Application =?utf-8?b?4oCU?= Procurement & Logistics Officer (Saudi,,2026-08-09
infos@sisco.com.sa,sisco.com.sa,VERIFIED,"delivered, no bounce",,,,Engineering/IE,Saudi/GCC,"Sat, 01 Aug 2026 20:00:28 -0700 (PDT)",Application =?utf-8?q?=E2=80=94_Logistics_=26_Operations_Engineer_?=,,2026-08-09
jasarapmc@jobs.workablemail.com,jobs.workablemail.com,VERIFIED,"delivered, no bounce",,,,Logistics/Supply-Chain,Intl,"Sat, 1 Aug 2026 16:05:03 +0100",Talent Pool - Logistics / Supply Chain (Riyadh & Jeddah) - Hasan Adam,,2026-08-09
job123@sigmaksa.com,sigmaksa.com,VERIFIED,"delivered, no bounce",Sigma KSA,Logistics,Jeddah,,,"Sat, 08 Aug 2026 17:04:28 -0700 (PDT)",=?utf-8?b?2YXYsdit2ZHZhCDYrdin2YjZitin2KogKERpc3BhdGNoZXIpIOKAkyA=?=,https://t.me/s/logscp,2026-08-09
job2@yunitco.com.sa,yunitco.com.sa,VERIFIED,"delivered, no bounce",YUNIGREEN,Environmental Services,Jeddah,,,"Sun, 09 Aug 2026 00:05:24 -0700 (PDT)",Job Application =?utf-8?q?=E2=80=93_Operations_Coordinator_?=,https://t.me/s/works966,2026-08-09
job@almoosahospital.com.sa,almoosahospital.com.sa,DEAD,hard bounce (5.x.x),,,,Logistics/Supply-Chain,Saudi/GCC,"Sat, 1 Aug 2026 03:31:13 +0100",Application =?utf-8?q?=E2=80=94_Operations/Supply_Chain_=28Healthca?=,,2026-08-09
job@bluetoktok.com,bluetoktok.com,VERIFIED,"delivered, no bounce",Blue Toktok,Food Distribution,Riyadh,,,"Sat, 08 Aug 2026 17:04:47 -0700 (PDT)",=?utf-8?b?2KPYrti12KfYptmKINmF2LTYqtix2YrYp9iqIOKAkyDYp9mE2LHZitin?=,https://t.me/s/logscp,2026-08-09
job@herfy.com,herfy.com,VERIFIED,"delivered, no bounce",,,,Logistics/Supply-Chain,Intl,"Sat, 01 Aug 2026 22:51:37 -0700 (PDT)",Application for Logistics and Operations Role at Herfy Food Services,,2026-08-09
job@mabani.com.sa,mabani.com.sa,VERIFIED,"delivered, no bounce",Mabani,Construction,Jeddah,,,"Sat, 08 Aug 2026 18:20:32 -0700 (PDT)",Job Application =?utf-8?q?=E2=80=93_Operations_Engineer_=E2=80=93?=,https://t.me/s/lksajobs,2026-08-09
job@otc.com.sa,otc.com.sa,VERIFIED,"delivered, no bounce",OTC,Facility Management,Riyadh,,,"Sun, 09 Aug 2026 09:40:59 -0700 (PDT)",Job Application =?utf-8?q?=E2=80=93_Operations_Coordinator_?=,https://t.me/s/tmknjobs,2026-08-09
job@topazgulf.com,topazgulf.com,VERIFIED,"delivered, no bounce",Topaz Gulf,Marine & Industrial,Jubail,,,"Sat, 08 Aug 2026 17:18:50 -0700 (PDT)",Job Application =?utf-8?q?=E2=80=93_Operations_Coordinator_?=,https://t.me/s/jobs2ksa,2026-08-09
jobs.ruh@aldar-alraedah.com,aldar-alraedah.com,UNTESTED,never emailed,Al Dar Al Raedah,Food & Beverage Hospitality,Riyadh,,,,,https://t.me/s/m7asbah,2026-08-09
jobs@8ozcafe.com,8ozcafe.com,UNTESTED,never emailed,8oz Cafe,Food & Beverage,Dammam,,,,,https://t.me/s/Mksajobs,2026-08-09
jobs@aeco.com.sa,aeco.com.sa,VERIFIED,"delivered, no bounce",AECO,Contracting,Riyadh,,,"Sun, 09 Aug 2026 00:32:52 -0700 (PDT)",Job Application =?utf-8?q?=E2=80=93_Operations_Coordinator_?=,https://t.me/s/atalla3,2026-08-09
jobs@alarabgroup.com.sa,alarabgroup.com.sa,VERIFIED,"delivered, no bounce",Al Arab Group,Medical Laboratories,Riyadh,,,"Sat, 08 Aug 2026 18:19:06 -0700 (PDT)",Job Application =?utf-8?q?=E2=80=93_Operations_Coordinator_?=,https://t.me/s/m7asbah,2026-08-09
jobs@alibinali.sa,alibinali.sa,VERIFIED,"delivered, no bounce",Ali Bin Ali,Retail & Healthcare,Riyadh,,,"Sun, 09 Aug 2026 00:05:00 -0700 (PDT)",Job Application =?utf-8?q?=E2=80=93_Operations_Coordinator_?=,https://t.me/s/works966,2026-08-09
jobs@almajdouie.com,almajdouie.com,VERIFIED,"delivered, no bounce",,,,Logistics/Supply-Chain,Intl,"Sat, 1 Aug 2026 03:55:05 +0100",Application =?utf-8?q?=E2=80=94_Logistics_/_Operations_=28Almajdoui?=,,2026-08-09
jobs@alyousufent.com,alyousufent.com,VERIFIED,"delivered, no bounce",,,,Logistics/Supply-Chain,Intl,"Sat, 01 Aug 2026 08:17:00 -0700 (PDT)",Application for Operations/Supply-Chain Position at Al Yousuf,,2026-08-09
jobs@arvindglobal.com,arvindglobal.com,VERIFIED,"delivered, no bounce",,,,Logistics/Supply-Chain,Intl,"Sat, 01 Aug 2026 08:17:55 -0700 (PDT)",Application for Operations/Supply Chain Role,,2026-08-09
jobs@awanre.com,awanre.com,VERIFIED,"delivered, no bounce",AWAN Real Estate,Real Estate,Dammam,,,"Sun, 09 Aug 2026 00:02:38 -0700 (PDT)",Job Application =?utf-8?q?=E2=80=93_Operations_Coordinator_?=,https://t.me/s/lksajobs,2026-08-09
jobs@ayk.global,ayk.global,VERIFIED,"delivered, no bounce",,,,General/Other,Intl,"Fri, 07 Aug 2026 10:55:07 -0700 (PDT)",=?utf-8?q?Job_Opportunity_Inquiry_=E2=80=94_AYK_Global_=E2=80=94_Hassan_Adam_=28Riyadh=29?,,2026-08-09
jobs@bec-cs.com,bec-cs.com,UNTESTED,never emailed,BEC Concrete Solutions,Construction Materials,Riyadh,,,,,https://t.me/s/handasiah,2026-08-09
jobs@binajinah.com,binajinah.com,VERIFIED,"delivered, no bounce",,,,Engineering/IE,Intl,"Sat, 1 Aug 2026 10:58:27 -0700","Application - Industrial Engineering / Operations (Saudi National,",,2026-08-09
jobs@coffeebeansksa.com,coffeebeansksa.com,VERIFIED,"delivered, no bounce",Coffee Beans KSA,Food & Beverage,Riyadh,,,"Sat, 08 Aug 2026 17:15:45 -0700 (PDT)",Job Application =?utf-8?q?=E2=80=93_Operations_Coordinator_?=,https://t.me/s/logscp,2026-08-09
jobs@emerald-isle.com,emerald-isle.com,DEAD,hard bounce (5.x.x),,,,General/Other,Intl,"Fri, 07 Aug 2026 12:00:46 -0700 (PDT)",=?utf-8?q?Job_Opportunity_Inquiry_=E2=80=94_Emerald_Isle_Manpower_=E2=80=94_Hassan_Adam_=2,,2026-08-09
jobs@fbs.com.sa,fbs.com.sa,VERIFIED,"delivered, no bounce",FBS,Contracting,Jeddah,,,"Sat, 08 Aug 2026 21:14:33 -0700 (PDT)",Job Application =?utf-8?q?=E2=80=93_Operations_Coordinator_?=,https://t.me/s/jobmag,2026-08-09
jobs@hirejubail.com,hirejubail.com,DEAD,hard bounce (5.x.x),,,,General/Other,Intl,"Fri, 07 Aug 2026 11:25:25 -0700 (PDT)",=?utf-8?q?Application=3A_Shutdown/Turnaround_=E2=80=94_HireJubail_=28Jobs=29_=E2=80=94_Has,,2026-08-09
jobs@ifas-me.com,ifas-me.com,UNTESTED,never emailed,,,,,,,,,2026-08-09
jobs@jalint.com.sa,jalint.com.sa,VERIFIED,"delivered, no bounce",,,,General/Other,Saudi/GCC,"Fri, 31 Jul 2026 18:22:50 -0700",Application =?utf-8?q?=E2=80=94_Transportation_Coordinator_=28Damma?=,,2026-08-09
jobs@luxuryksa.com,luxuryksa.com,VERIFIED,"delivered, no bounce",Luxury KSA,Events & Entertainment,Riyadh,,,"Sat, 08 Aug 2026 21:45:57 -0700 (PDT)",Job Application =?utf-8?q?=E2=80=93_Operations_Coordinator_?=,https://t.me/s/Saudirecruiters,2026-08-09
jobs@m2reducation.com,m2reducation.com,VERIFIED,"delivered, no bounce",,,,Logistics/Supply-Chain,Intl,"Sat, 01 Aug 2026 08:17:18 -0700 (PDT)",Application for Operations/Supply-Chain Position at M2R Education,,2026-08-09
jobs@mawaridcom.com,mawaridcom.com,VERIFIED,"delivered, no bounce",Mawarid Communications,IT & Telecom Services,Riyadh,,,"Sun, 09 Aug 2026 00:01:44 -0700 (PDT)",Job Application =?utf-8?q?=E2=80=93_Operations_Coordinator_?=,https://t.me/s/hrksajobs,2026-08-09
jobs@metco.com.sa,metco.com.sa,DEAD,hard bounce (5.x.x),,,,Logistics/Supply-Chain,Saudi/GCC,"Sat, 01 Aug 2026 08:17:32 -0700 (PDT)",Application for Operations/Supply Chain Role at METCO,,2026-08-09
jobs@miskschools.edu.sa,miskschools.edu.sa,VERIFIED,"delivered, no bounce",,,,Logistics/Supply-Chain,Saudi/GCC,"Sat, 1 Aug 2026 05:00:33 +0100",Support for your Procurement Officer hire =?utf-8?b?4oCU?= AutoApply,,2026-08-09
jobs@nesma.com,nesma.com,VERIFIED,"delivered, no bounce",,,,Engineering/IE,Intl,"Sat, 01 Aug 2026 19:57:06 -0700 (PDT)",Application =?utf-8?q?=E2=80=94_Industrial_Engineer_/_Operations_?=,,2026-08-09
jobs@olivearabia.com,olivearabia.com,VERIFIED,"delivered, no bounce",Olive Arabia,Operations & Maintenance,Jeddah,,,"Sat, 08 Aug 2026 21:44:01 -0700 (PDT)",Job Application =?utf-8?q?=E2=80=93_Operations_Coordinator_?=,https://t.me/s/Saudirecruiters,2026-08-09
jobs@rajabgroup.co,rajabgroup.co,UNTESTED,never emailed,,,,,,,,,2026-08-09
jobs@ramzunited.com,ramzunited.com,VERIFIED,"delivered, no bounce",,,,Logistics/Supply-Chain,Intl,"Sat, 01 Aug 2026 08:16:57 -0700 (PDT)",Application for Operations/Supply-Chain Role at Ramz United,,2026-08-09
jobs@saco-ksa.com,saco-ksa.com,VERIFIED,"delivered, no bounce",,,,Engineering/IE,Intl,"Fri, 07 Aug 2026 20:52:29 -0700 (PDT)",Application - Industrial Engineer / Operations - Hasan Adam,,2026-08-09
jobs@saudigerman.com,saudigerman.com,DEAD,hard bounce (5.x.x),,,,Logistics/Supply-Chain,Intl,"Sat, 01 Aug 2026 08:18:11 -0700 (PDT)",Application for Operations/Supply Chain Role at Saudi German,,2026-08-09
jobs@sghgroup.net,sghgroup.net,VERIFIED,"delivered, no bounce",,,,Healthcare,Intl,"Fri, 31 Jul 2026 15:41:00 -0700",Automate Saudi German Health recruitment pipeline,,2026-08-09
jobsksa@eandenterpriseksa.sa,eandenterpriseksa.sa,VERIFIED,"delivered, no bounce",e& enterprise KSA,Telecom & Technology,Riyadh,,,"Sun, 09 Aug 2026 00:04:14 -0700 (PDT)",Job Application =?utf-8?q?=E2=80=93_Operations_Coordinator_?=,https://t.me/s/works966,2026-08-09
juffali@eajb.com.sa,eajb.com.sa,VERIFIED,"delivered, no bounce",,,,Engineering/IE,Saudi/GCC,"Sun, 02 Aug 2026 11:09:50 -0700 (PDT)",Application - Industrial Engineer / Operations - Hasan Adam,,2026-08-09
jw@seekteachers.com,seekteachers.com,VERIFIED,"delivered, no bounce",,,,Logistics/Supply-Chain,Intl,"Sat, 01 Aug 2026 08:18:05 -0700 (PDT)",Application for Operations/Supply Chain Role,,2026-08-09
kbr-amcdehr@kbr.com,kbr.com,VERIFIED,"delivered, no bounce",,,,Logistics/Supply-Chain,Intl,"Sat, 01 Aug 2026 08:17:46 -0700 (PDT)",Application for Operations/Supply-Chain Role at KBR,,2026-08-09
khobar-jobs@ic.edu.sa,ic.edu.sa,VERIFIED,"delivered, no bounce",International Technical College,Education,Al Khobar,,,"Sun, 09 Aug 2026 00:03:10 -0700 (PDT)",Job Application =?utf-8?q?=E2=80=93_Operations_Coordinator_?=,https://t.me/s/lksajobs,2026-08-09
klc.hr@alkafaa.com,alkafaa.com,VERIFIED,"delivered, no bounce",,,,Engineering/IE,Intl,"Sat, 1 Aug 2026 18:58:27 +0100","Application - Industrial Engineering / Operations (Saudi National,",,2026-08-09
kuagh.hr@hyatt.com,hyatt.com,VERIFIED,"delivered, no bounce",,,,General/Other,Intl,"Fri, 31 Jul 2026 18:42:22 -0700",Application =?utf-8?b?4oCU?= Materials Clerk / Purchasing (Grand,,2026-08-09
linajebril@alibaba-inc.com,alibaba-inc.com,VERIFIED,"delivered, no bounce",,,,General/Other,Intl,"Mon, 27 Jul 2026 09:09:08 +0000",Re: Follow-up Regarding Alibaba Cloud Services,,2026-08-09
mail@alandalus.com.sa,alandalus.com.sa,VERIFIED,"delivered, no bounce",,,,Logistics/Supply-Chain,Saudi/GCC,"Sun, 02 Aug 2026 03:15:51 -0700 (PDT)",Application for Logistics and Operations Position at Alandalus,,2026-08-09
malmanghy@panda.com.sa,panda.com.sa,DEAD,hard bounce (5.x.x),,,,General/Other,Saudi/GCC,"Fri, 31 Jul 2026 15:40:58 -0700","Automate Panda's active roles =?utf-8?b?4oCU?= one submission, 15",,2026-08-09
marketing.np@nesma.com,nesma.com,VERIFIED,"delivered, no bounce",,,,Engineering/IE,Intl,"Sat, 1 Aug 2026 10:58:29 -0700","Application - Industrial Engineering / Operations (Saudi National,",,2026-08-09
masheilalhamlaji@bfco.sa,bfco.sa,VERIFIED,"delivered, no bounce",BFCO,Food Services,Jubail,,,"Sat, 08 Aug 2026 19:46:14 -0700 (PDT)",Job Application =?utf-8?q?=E2=80=93_Operations_Coordinator_?=,https://t.me/s/Mksajobs,2026-08-09
middleeast@naukrigulf.com,naukrigulf.com,VERIFIED,"delivered, no bounce",,,,Recruiting/TA,Intl,"Fri, 31 Jul 2026 19:51:01 -0700",Partnership enquiry =?utf-8?b?4oCU?= AutoApply SA (recruitment,,2026-08-09
n.alsohaibani@salehiya.com,salehiya.com,VERIFIED,"delivered, no bounce",,,,Logistics/Supply-Chain,Intl,"Sat, 1 Aug 2026 03:30:58 +0100",Application =?utf-8?q?=E2=80=94_Supply_Chain_/_Operations_=28Health?=,,2026-08-09
nasser@masharee.com.sa,masharee.com.sa,VERIFIED,"delivered, no bounce",Masharee Real Estate,Real Estate,Riyadh,,,"Sun, 09 Aug 2026 00:32:30 -0700 (PDT)",Job Application =?utf-8?q?=E2=80=93_Operations_Coordinator_?=,https://t.me/s/atalla3,2026-08-09
nata_sa2030@outlook.com,outlook.com,VERIFIED,"delivered, no bounce",,,,,,"Sat, 08 Aug 2026 17:05:23 -0700 (PDT)",Fire Fighting Engineer =?utf-8?b?4oCT?= Jeddah,,2026-08-09
nationalizationteam@almarai.com,almarai.com,VERIFIED,"delivered, no bounce",,,,Recruiting/TA,Intl,"Fri, 31 Jul 2026 19:51:03 -0700",Supporting Saudization hiring targets =?utf-8?b?4oCU?= automated,,2026-08-09
nourah@hamat-bs.com,hamat-bs.com,VERIFIED,"delivered, no bounce",Hamat Business Services,Business Services,Riyadh,,,"Sat, 08 Aug 2026 21:44:24 -0700 (PDT)",Job Application =?utf-8?q?=E2=80=93_Operations_Coordinator_?=,https://t.me/s/Saudirecruiters,2026-08-09
oalkhunaizi@darwaemaar.com,darwaemaar.com,VERIFIED,"delivered, no bounce",,,,Engineering/IE,Intl,"Sat, 1 Aug 2026 11:33:52 -0700",Industrial Engineer / Operations Application =?utf-8?b?4oCU?= Hasan,,2026-08-09
oalshehri@esnad-emdad.sa,esnad-emdad.sa,VERIFIED,"delivered, no bounce",Esnad Emdad,Facility Management,Riyadh,,,"Sun, 09 Aug 2026 00:04:37 -0700 (PDT)",Job Application =?utf-8?q?=E2=80=93_Operations_Coordinator_?=,https://t.me/s/works966,2026-08-09
pomsm_hr@hilton.com,hilton.com,VERIFIED,"delivered, no bounce",,,,General/Other,Intl,"Fri, 31 Jul 2026 18:42:44 -0700",Application =?utf-8?q?=E2=80=94_Purchasing_Officer_=28Hilton_KSA=29?=,,2026-08-09
qcc@qcc.com.sa,qcc.com.sa,DEAD,hard bounce (5.x.x),,,,Engineering/IE,Saudi/GCC,"Sun, 02 Aug 2026 05:17:37 -0700 (PDT)",Application - Industrial Engineer / Operations - Hasan Adam,,2026-08-09
qiddiya-investment-company-1@jobs.workablemail.com,jobs.workablemail.com,VERIFIED,"delivered, no bounce",,,,General/Other,Intl,"Sat, 1 Aug 2026 02:46:20 +0100",Application =?utf-8?q?=E2=80=94_Manager_Operational_Readiness_=28Qi?=,,2026-08-09
ran.recruiter@alarabi92.com,alarabi92.com,DEAD,hard bounce (5.x.x),,,,Engineering/IE,Intl,"Fri, 07 Aug 2026 07:55:59 -0700 (PDT)",Application: Industrial Engineer (Process Optimization) - Hassan Adam,,2026-08-09
rec@alojaimi.com,alojaimi.com,VERIFIED,"delivered, no bounce",,,,Engineering/IE,Intl,"Sat, 1 Aug 2026 10:23:07 -0700",Application - Industrial Engineer / Operations | Hassan Adam,,2026-08-09
reception.ksa@leaders-fort.com,leaders-fort.com,VERIFIED,"delivered, no bounce",Leaders Fort,Engineering Consultancy,Riyadh,,,"Sat, 08 Aug 2026 21:17:38 -0700 (PDT)",Job Application =?utf-8?q?=E2=80=93_Industrial_Engineer_=E2=80=93?=,https://t.me/s/tmhrjobs,2026-08-09
recruit@farm.com.sa,farm.com.sa,DEAD,hard bounce (5.x.x),,,,Engineering/IE,Saudi/GCC,"Sat, 1 Aug 2026 18:23:08 +0100","Application - Supply Chain / Operations | Hassan Adam, Industrial",,2026-08-09
recruiting.ksa@mcdermott.com,mcdermott.com,VERIFIED,"delivered, no bounce",,,,Logistics/Supply-Chain,Intl,"Fri, 31 Jul 2026 19:31:41 -0700",Application =?utf-8?b?4oCU?= Operations / Supply Chain (McDermott,,2026-08-09
recruitment.ksa@naffco.com,naffco.com,VERIFIED,"delivered, no bounce",NAFFCO KSA,Fire Safety Equipment,Riyadh,,,"Sat, 08 Aug 2026 17:16:07 -0700 (PDT)",Job Application =?utf-8?q?=E2=80=93_Operations_Coordinator_?=,https://t.me/s/logscp,2026-08-09
recruitment.ksa@redtag.ae,redtag.ae,VERIFIED,"delivered, no bounce",RedTag KSA,Fashion Retail,Al Khobar,,,"Sat, 08 Aug 2026 20:42:17 -0700 (PDT)",Job Application =?utf-8?q?=E2=80=93_Operations_Coordinator_?=,https://t.me/s/lksajobs,2026-08-09
recruitment@abunayyanholding.com,abunayyanholding.com,VERIFIED,"delivered, no bounce",,,,Logistics/Supply-Chain,Intl,"Fri, 31 Jul 2026 18:41:45 -0700",Application =?utf-8?b?4oCU?= Procurement Coordinator (Abunayyan,,2026-08-09
recruitment@al-kabeer.com,al-kabeer.com,DEAD,hard bounce (5.x.x),,,,General/Other,Intl,"Fri, 07 Aug 2026 11:40:36 -0700 (PDT)",=?utf-8?q?Job_Opportunity_Inquiry_=E2=80=94_Al_Kabeer_Company_=E2=80=94_Hassan_Adam_=28Riy,,2026-08-09
recruitment@aldowayan.com,aldowayan.com,VERIFIED,"delivered, no bounce",Aldowayan,Food & Industrial,Dammam,,,"Sat, 08 Aug 2026 18:18:41 -0700 (PDT)",Job Application =?utf-8?q?=E2=80=93_Operations_Coordinator_?=,https://t.me/s/m7asbah,2026-08-09
recruitment@algihaz.com,algihaz.com,VERIFIED,"delivered, no bounce",,,,General/Other,Intl,"Sat, 1 Aug 2026 02:42:33 +0100",Application =?utf-8?q?=E2=80=94_Materials_Coordinator_=28Algihaz_Ho?=,,2026-08-09
recruitment@alguthmi.com,alguthmi.com,VERIFIED,"delivered, no bounce",,,,Logistics/Supply-Chain,Intl,"Sat, 1 Aug 2026 02:22:06 +0100",Application =?utf-8?b?4oCU?= Shipping & Logistics Specialist (Jeddah),,2026-08-09
recruitment@alic-steel.com,alic-steel.com,UNTESTED,never emailed,,,,,,,,,2026-08-09
recruitment@alinco.com.sa,alinco.com.sa,VERIFIED,"delivered, no bounce",Alinco,Electrical Contracting,Riyadh,,,"Sat, 08 Aug 2026 20:12:51 -0700 (PDT)",Job Application =?utf-8?q?=E2=80=93_Operations_Coordinator_?=,https://t.me/s/ksarejobs,2026-08-09
recruitment@almoosahospital.com.sa,almoosahospital.com.sa,VERIFIED,"delivered, no bounce",,,,Logistics/Supply-Chain,Saudi/GCC,"Sat, 01 Aug 2026 08:17:35 -0700 (PDT)",Application for Operations/Supply Chain Role at Almoosa Hospital,,2026-08-09
recruitment@alrajhibank.com.sa,alrajhibank.com.sa,DEAD,hard bounce (5.x.x),,,,Logistics/Supply-Chain,Saudi/GCC,"Fri, 31 Jul 2026 19:54:48 -0700",Application =?utf-8?b?4oCU?= Operations / Supply Chain (Al Rajhi,,2026-08-09
recruitment@aytb.com,aytb.com,VERIFIED,"delivered, no bounce",,,,Engineering/IE,Intl,"Sat, 1 Aug 2026 10:58:26 -0700","Application - Industrial Engineering / Operations (Saudi National,",,2026-08-09
recruitment@batook.com,batook.com,VERIFIED,"delivered, no bounce",,,,Logistics/Supply-Chain,Intl,"Sat, 01 Aug 2026 08:17:42 -0700 (PDT)",Application for Operations/Supply Chain Role at Batook,,2026-08-09
recruitment@bina-precast.com,bina-precast.com,UNTESTED,never emailed,,,,,,,,,2026-08-09
recruitment@bluerays.sa,bluerays.sa,UNTESTED,never emailed,Blue Rays,Technology & Venture Building,Riyadh,,,,,https://t.me/s/itcjobs,2026-08-09
recruitment@carepathconsulting.com,carepathconsulting.com,UNTESTED,never emailed,,,,,,,,,2026-08-09
recruitment@chalhoub.com,chalhoub.com,DEAD,hard bounce (5.x.x),,,,Logistics/Supply-Chain,Intl,"Fri, 31 Jul 2026 21:00:33 -0700",Faster shortlists for your Jeddah supply chain roles =?utf-8?b?4oCU?=,,2026-08-09
recruitment@citycement.sa,citycement.sa,VERIFIED,"delivered, no bounce",,,,Engineering/IE,Saudi/GCC,"Sun, 02 Aug 2026 03:00:03 -0700 (PDT)",Application for Industrial Engineer Position at City Cement Company,,2026-08-09
recruitment@defaflogistics.com,defaflogistics.com,VERIFIED,"delivered, no bounce",Defa Logistics,Logistics,Jeddah,,,"Sat, 08 Aug 2026 19:44:16 -0700 (PDT)",Job Application =?utf-8?q?=E2=80=93_Logistics_Coordinator_=E2=80=93?=,https://t.me/s/tmknjobs,2026-08-09
recruitment@epc-ksa.com,epc-ksa.com,DEAD,hard bounce (5.x.x),,,,Oil&Gas,Intl,"Fri, 07 Aug 2026 11:30:29 -0700 (PDT)",=?utf-8?q?Application=3A_Oil_=26_Gas/Epc_=E2=80=94_Saudi_EPC_Contractor_=E2=80=94_Hassan_A,,2026-08-09
recruitment@eramtalent.com,eramtalent.com,VERIFIED,"delivered, no bounce",,,,Engineering/IE,Intl,"Sat, 1 Aug 2026 09:46:36 -0700",Application =?utf-8?q?=E2=80=93_Industrial_Engineer_=28Eastern_Prov?=,,2026-08-09
recruitment@esomfm.com,esomfm.com,UNTESTED,never emailed,,,,,,,,,2026-08-09
recruitment@flowpl.com,flowpl.com,VERIFIED,"delivered, no bounce",,,,General/Other,Intl,"Fri, 31 Jul 2026 15:43:34 -0700",Replace your TA hire with automation =?utf-8?b?4oCU?= saves you SAR,,2026-08-09
recruitment@flynas.com,flynas.com,DEAD,hard bounce (5.x.x),,,,Logistics/Supply-Chain,Intl,"Fri, 31 Jul 2026 19:31:53 -0700",Application =?utf-8?q?=E2=80=94_Operations_/_Supply_Chain_=28Flynas?=,,2026-08-09
recruitment@futurehorizons.com.sa,futurehorizons.com.sa,UNTESTED,never emailed,,,,,,,,,2026-08-09
recruitment@icmsksa.com,icmsksa.com,UNTESTED,never emailed,,,,,,,,,2026-08-09
recruitment@jesco.com.sa,jesco.com.sa,VERIFIED,"delivered, no bounce",,,,Engineering/IE,Saudi/GCC,"Sun, 02 Aug 2026 12:18:03 -0700 (PDT)",Application - Industrial Engineer / Operations - Hasan Adam,,2026-08-09
recruitment@luberef.com,luberef.com,RISKY,soft bounce / deferred,,,,Engineering/IE,Intl,"Sun, 02 Aug 2026 03:13:58 -0700 (PDT)",Job Application for Industrial Engineer Position at Luberef Saudi,,2026-08-09
recruitment@marafiq.com,marafiq.com,DEAD,hard bounce (5.x.x),,,,Logistics/Supply-Chain,Intl,"Fri, 31 Jul 2026 19:55:07 -0700",Application =?utf-8?q?=E2=80=94_Operations_/_Supply_Chain_=28Marafi?=,,2026-08-09
recruitment@marafiq.com.sa,marafiq.com.sa,DEAD,hard bounce (5.x.x),,,,Logistics/Supply-Chain,Saudi/GCC,"Sat, 01 Aug 2026 08:17:29 -0700 (PDT)",Application for Operations/Supply Chain Role at Marafiq,,2026-08-09
recruitment@mobily.com.sa,mobily.com.sa,DEAD,hard bounce (5.x.x),,,,Logistics/Supply-Chain,Saudi/GCC,"Sat, 1 Aug 2026 03:54:51 +0100",Application =?utf-8?q?=E2=80=94_Operations_/_Supply_Chain_=28Mobily?=,,2026-08-09
recruitment@nadarestaurants.com,nadarestaurants.com,RISKY,soft bounce / deferred,,,,General/Other,Intl,"Fri, 07 Aug 2026 11:55:44 -0700 (PDT)",=?utf-8?q?Job_Opportunity_Inquiry_=E2=80=94_NADA_Restaurants_=E2=80=94_Hassan_Adam_=28Riya,,2026-08-09
recruitment@nadc.com.sa,nadc.com.sa,UNTESTED,never emailed,,,,,,,,,2026-08-09
recruitment@qasmiinternational.com,qasmiinternational.com,RISKY,soft bounce / deferred,,,,General/Other,Intl,"Fri, 07 Aug 2026 12:05:49 -0700 (PDT)",=?utf-8?q?Job_Opportunity_Inquiry_=E2=80=94_Qasmi_International_=E2=80=94_Hassan_Adam_=28R,,2026-08-09
recruitment@rawabiholding.com,rawabiholding.com,VERIFIED,"delivered, no bounce",,,,Logistics/Supply-Chain,Intl,"Sat, 1 Aug 2026 03:31:44 +0100",Application =?utf-8?b?4oCU?= Procurement / Supply Chain (Rawabi,,2026-08-09
recruitment@riyadhair.com,riyadhair.com,VERIFIED,"delivered, no bounce",,,,Engineering/IE,Intl,"Sat, 01 Aug 2026 08:43:34 -0700 (PDT)",Application for Industrial Engineer Position at Riyadh Air,,2026-08-09
recruitment@sabic.com,sabic.com,VERIFIED,"delivered, no bounce",,,,Logistics/Supply-Chain,Intl,"Fri, 31 Jul 2026 19:31:15 -0700",Application =?utf-8?q?=E2=80=94_Procurement_/_Supply_Chain_=28SABIC?=,,2026-08-09
recruitment@savola.com,savola.com,VERIFIED,"delivered, no bounce",,,,Recruiting/TA,Intl,"Fri, 31 Jul 2026 19:51:02 -0700",Recruitment automation for Savola Group =?utf-8?b?4oCU?= 15+,,2026-08-09
recruitment@seder.sa,seder.sa,VERIFIED,"delivered, no bounce",,,,Engineering/IE,Saudi/GCC,"Sat, 1 Aug 2026 09:46:36 -0700",Application =?utf-8?b?4oCT?= Industrial / Mechanical Engineer,,2026-08-09
recruitment@shadeco.com,shadeco.com,VERIFIED,"delivered, no bounce",,,,Engineering/IE,Intl,"Sat, 1 Aug 2026 18:58:27 +0100","Application - Industrial Engineering / Operations (Saudi National,",,2026-08-09
recruitment@shalfa.com.sa,shalfa.com.sa,UNTESTED,never emailed,,,,,,,,,2026-08-09
recruitment@sraco.com.sa,sraco.com.sa,VERIFIED,"delivered, no bounce",,,,Logistics/Supply-Chain,Saudi/GCC,"Fri, 31 Jul 2026 19:55:00 -0700",Application =?utf-8?q?=E2=80=94_Operations_/_Logistics_=28SRACO=29_?=,,2026-08-09
recruitment@technogroupme.com,technogroupme.com,VERIFIED,"delivered, no bounce",Techno Group Middle East,Industrial Chemicals,Dammam,,,"Sat, 08 Aug 2026 17:04:40 -0700 (PDT)",=?utf-8?b?2KPZhdmK2YYg2YXYs9iq2YjYr9i5IOKAkyDYp9mE2K/Zhdin2YU=?=,https://t.me/s/logscp,2026-08-09
recruitment@tes.com,tes.com,VERIFIED,"delivered, no bounce",,,,Education,Intl,"Fri, 07 Aug 2026 11:20:21 -0700 (PDT)",=?utf-8?q?Job_Opportunity_Inquiry_=E2=80=94_TES_=28Times_Educational=29_=E2=80=94_Hassan_A,,2026-08-09
recruitment@wecareksa.com,wecareksa.com,RISKY,soft bounce / deferred,,,,Logistics/Supply-Chain,Intl,"Sat, 1 Aug 2026 11:33:52 -0700",Healthcare Operations / Supply Chain Application =?utf-8?b?4oCU?=,,2026-08-09
recruitment@yanbucement.com,yanbucement.com,VERIFIED,"delivered, no bounce",,,,Engineering/IE,Intl,"Sat, 01 Aug 2026 08:45:07 -0700 (PDT)",Application for Industrial Engineer Position at Yanbu Cement,,2026-08-09
s.alqablan@yr-global.com,yr-global.com,VERIFIED,"delivered, no bounce",YR Global,Conglomerate,Riyadh,,,"Sun, 09 Aug 2026 00:33:16 -0700 (PDT)",Job Application =?utf-8?q?=E2=80=93_Operations_Coordinator_?=,https://t.me/s/tmknjobs,2026-08-09
s.alwadi@nhc.sa,nhc.sa,DEAD,hard bounce (5.x.x),,,,Engineering/IE,Saudi/GCC,"Sat, 1 Aug 2026 11:33:51 -0700",Industrial Engineer / Operations Application =?utf-8?b?4oCU?= Hasan,,2026-08-09
sacjobs@chevron.com,chevron.com,DEAD,hard bounce (5.x.x),,,,Logistics/Supply-Chain,Intl,"Sat, 1 Aug 2026 03:31:38 +0100",Application =?utf-8?b?4oCU?= Procurement / Supply Chain (Saudi,,2026-08-09
salhumood@sgn.com.sa,sgn.com.sa,DEAD,hard bounce (5.x.x),SGN,Shipping & Logistics,Dammam,,,"Sat, 08 Aug 2026 17:16:31 -0700 (PDT)",Job Application =?utf-8?q?=E2=80=93_Industrial_Engineer_=E2=80=93?=,https://t.me/s/logscp,2026-08-09
salma.moharam@andalusiagroup.net,andalusiagroup.net,VERIFIED,"delivered, no bounce",,,,Recruiting/TA,Intl,"Fri, 31 Jul 2026 15:40:58 -0700",Automate hiring across all 17 departments =?utf-8?b?4oCU?= Andalusia,,2026-08-09
saudi.jobs@naqel.com.sa,naqel.com.sa,VERIFIED,"delivered, no bounce",,,,Engineering/IE,Saudi/GCC,"Fri, 07 Aug 2026 21:13:22 -0700 (PDT)","Logistics / Operations - Hasan Adam, Industrial Engineer (Jeddah)",,2026-08-09
saudiarabia@naukrigulf.com,naukrigulf.com,DEAD,hard bounce (5.x.x),,,,Logistics/Supply-Chain,Intl,"Sat, 1 Aug 2026 01:47:37 +0100",Candidate registration =?utf-8?b?4oCU?=,,2026-08-09
saudijobs@almeer-saudi.com,almeer-saudi.com,VERIFIED,"delivered, no bounce",Al Meer Technical Services,Contracting (Oil & Gas Projects),Jubail,,,"Sat, 08 Aug 2026 17:04:53 -0700 (PDT)",=?utf-8?b?2KPZhdmK2YYg2YXYs9iq2YjYr9i5IOKAkyDZhdi02KfYsdmK2Lkg2KM=?=,https://t.me/s/logscp,2026-08-09
scw@saudconsult.com,saudconsult.com,VERIFIED,"delivered, no bounce",,,,Engineering/IE,Intl,"Fri, 31 Jul 2026 20:24:21 -0700",Engineering recruitment automation for SaudConsult,,2026-08-09
service@deepseek.com,deepseek.com,VERIFIED,"delivered, no bounce",,,,General/Other,Intl,"Fri, 31 Jul 2026 13:56:19 -0700",Billing activation issue - $2 payment received but credits not,,2026-08-09
shakawa@salla.sa,salla.sa,VERIFIED,"delivered, no bounce",,,,Logistics/Supply-Chain,Saudi/GCC,"Sun, 02 Aug 2026 16:57:53 -0700 (PDT)","RE: Application for Logistics Position in Salla, Saudi Arabia",,2026-08-09
shaker@andalusiagroup.net,andalusiagroup.net,VERIFIED,"delivered, no bounce",,,,Recruiting/TA,Intl,"Fri, 31 Jul 2026 15:40:58 -0700",Automate hiring across all 17 departments =?utf-8?b?4oCU?= Andalusia,,2026-08-09
siec@siec.com.sa,siec.com.sa,VERIFIED,"delivered, no bounce",,,,Engineering/IE,Saudi/GCC,"Sun, 02 Aug 2026 12:51:53 -0700 (PDT)",Application - Industrial Engineer / Operations - Hasan Adam,,2026-08-09
singh@useagentmail.com,useagentmail.com,VERIFIED,"delivered, no bounce",,,,,,"Fri, 24 Jul 2026 06:42:05 +0000",Re: Adam x Adi from AgentMail,,2026-08-09
sourcing2@menalimited.com,menalimited.com,VERIFIED,"delivered, no bounce",,,,Logistics/Supply-Chain,Intl,"Sat, 01 Aug 2026 08:17:05 -0700 (PDT)",Application for Operations/Supply Chain Role at MENA Limited,,2026-08-09
sp.enviroment@hotmail.com,hotmail.com,VERIFIED,"delivered, no bounce",,,,,,"Sat, 08 Aug 2026 17:05:29 -0700 (PDT)",Application =?utf-8?b?4oCT?= Industrial Engineer (West Region),,2026-08-09
support@deepseek.com,deepseek.com,DEAD,hard bounce (5.x.x),,,,General/Other,Intl,"Sat, 25 Jul 2026 20:43:54 +0300",=?UTF-8?Q?Billing_=2F_Top=2Dup_delay_=E2=80=93_account_credit_not_added_?=,,2026-08-09
support@digitalocean.com,digitalocean.com,VERIFIED,"delivered, no bounce",,,,General/Other,Intl,"Mon, 27 Jul 2026 14:19:28 +0300",Re: [DigitalOcean] Ticket #12617868: github student developer pack:,,2026-08-09
support@nana.sa,nana.sa,VERIFIED,"delivered, no bounce",,,,Logistics/Supply-Chain,Saudi/GCC,"Sun, 02 Aug 2026 02:20:25 -0700 (PDT)",Application for Logistics Position in Saudi Arabia,,2026-08-09
support@saudiceramics.com,saudiceramics.com,VERIFIED,"delivered, no bounce",,,,Engineering/IE,Intl,"Sat, 01 Aug 2026 20:01:35 -0700 (PDT)",Application =?utf-8?q?=E2=80=94_Production_/_Industrial_Engineer_?=,,2026-08-09
support@zerobounce.net,zerobounce.net,VERIFIED,"delivered, no bounce",,,,General/Other,Intl,"Sat, 1 Aug 2026 20:39:39 +0300",Re: [Request received] Action Required! Your ZeroBounce account has,,2026-08-09
talent.acquisition@drsulaimanalhabib.com,drsulaimanalhabib.com,VERIFIED,"delivered, no bounce",,,,Logistics/Supply-Chain,Intl,"Fri, 31 Jul 2026 19:30:56 -0700",Application =?utf-8?q?=E2=80=94_Operations/Supply_Chain_=28Healthca?=,,2026-08-09
talent@bazsteel.com,bazsteel.com,VERIFIED,"delivered, no bounce",Baz Steel,Steel Manufacturing,Jeddah,,,"Sun, 09 Aug 2026 09:43:20 -0700 (PDT)",Job Application =?utf-8?q?=E2=80=93_Process_/_Operations_Engineer_?=,https://t.me/s/lksajobs,2026-08-09
talent@indpt.com,indpt.com,VERIFIED,"delivered, no bounce",,,,Logistics/Supply-Chain,Intl,"Sat, 1 Aug 2026 02:42:12 +0100",Application =?utf-8?q?=E2=80=94_Supply_Chain_Manager_=28Riyadh=29_?=,,2026-08-09
tariq@kazsa.net,kazsa.net,VERIFIED,"delivered, no bounce",KAZSA,Food & Beverage,Riyadh,,,"Sat, 08 Aug 2026 21:45:11 -0700 (PDT)",Job Application =?utf-8?q?=E2=80=93_Operations_Coordinator_?=,https://t.me/s/Saudirecruiters,2026-08-09
tcc@tcc.com.sa,tcc.com.sa,VERIFIED,"delivered, no bounce",,,,Engineering/IE,Saudi/GCC,"Sun, 02 Aug 2026 12:50:42 -0700 (PDT)",Application - Industrial Engineer / Operations - Hasan Adam,,2026-08-09
test@example.com,example.com,DEAD,hard bounce (5.x.x),,,,,,"Wed, 22 Jul 2026 07:46:12 -0700",=?UTF-8?Q?Application=3A_Industrial_Engineer_?=,,2026-08-09
test@x.com,x.com,DEAD,hard bounce (5.x.x),,,,General/Other,Intl,"Fri, 07 Aug 2026 09:46:15 -0700 (PDT)",=?utf-8?q?Application=3A_HSE_Officer_=E2=80=94_ACME_Co_=E2=80=94_Hassan_Adam?=,,2026-08-09
tm.ayanalghamdi@modernmills.com.sa,modernmills.com.sa,VERIFIED,"delivered, no bounce",Modern Mills,Food Manufacturing,Jeddah,,,"Sat, 08 Aug 2026 21:15:42 -0700 (PDT)",Job Application =?utf-8?q?=E2=80=93_Operations_Coordinator_?=,https://t.me/s/tmhrjobs,2026-08-09
transport@aldrees.com,aldrees.com,VERIFIED,"delivered, no bounce",,,,Engineering/IE,Intl,"Sat, 01 Aug 2026 21:21:34 -0700 (PDT)",Application =?utf-8?q?=E2=80=94_Logistics_=26_Fleet_Operations_Engi?=,,2026-08-09
valvolineglobalcareers@valvolineglobal.com,valvolineglobal.com,VERIFIED,"delivered, no bounce",,,,Logistics/Supply-Chain,Intl,"Sat, 1 Aug 2026 02:47:00 +0100",Application =?utf-8?q?=E2=80=94_Product/Supply_Chain_=28Valvoline_K?=,,2026-08-09
wadaef2019@abdulla-fouad.com,abdulla-fouad.com,DEAD,hard bounce (5.x.x),,,,Engineering/IE,Intl,"Sat, 1 Aug 2026 19:33:50 +0100",Industrial Engineer / Operations Application =?utf-8?b?4oCU?= Hasan,,2026-08-09
wadaef@gtecorp.com,gtecorp.com,DEAD,hard bounce (5.x.x),,,,Engineering/IE,Intl,"Sat, 1 Aug 2026 10:58:27 -0700","Application - Industrial Engineering / Operations (Saudi National,",,2026-08-09
wecare@othaimmarkets.com,othaimmarkets.com,VERIFIED,"delivered, no bounce",,,,Engineering/IE,Intl,"Sat, 01 Aug 2026 22:11:24 -0700 (PDT)",Application - Supply Chain / Warehouse Operations Engineer - Hassan,,2026-08-09
ymohammed@innovest.com.sa,innovest.com.sa,DEAD,hard bounce (5.x.x),,,,Engineering/IE,Saudi/GCC,"Sat, 1 Aug 2026 19:33:51 +0100",Industrial Engineer / Operations Application =?utf-8?b?4oCU?= Hasan,,2026-08-09
