email,role_category,region,source,status,sample_subject
3pl@tamergroup.com,Engineering/IE,Intl,verified-Sent-delivered,DELIVERED,Application - Logistics & Supply Chain Engineer - Hassan Ada
a.alshammari@sasref.com.sa,Logistics/Supply-Chain,Saudi/GCC,verified-Sent-delivered,DELIVERED,Application for Logistics and Operations Position at Sasref
aali@saccompany.com.sa,Engineering/IE,Saudi/GCC,verified-Sent-delivered,DELIVERED,Application for Industrial Engineer Position at Saccompany
aasali@sal.sa,Recruiting/TA,Saudi/GCC,verified-Sent-delivered,DELIVERED,Cut SAL's time-to-hire by 80% — automated recruitment postin
abdulla.shaaban@bureauveritas.com,Logistics/Supply-Chain,Intl,verified-Sent-delivered,DELIVERED,Application for Logistics and Operations Role at Bureauverit
abeer.baabbad@chalhoub.com,Recruiting/TA,Intl,verified-Sent-delivered,DELIVERED,Automate Chalhoub Group Jeddah recruitment pipeline
ahcjobs@al-hoty.com,Logistics/Supply-Chain,Intl,verified-Sent-delivered,DELIVERED,Application for Operations and Supply Chain Position at Al-H
ahmed@ghazioverseas.sa.com,Engineering/IE,Saudi/GCC,verified-Sent-delivered,DELIVERED,Application for Industrial Engineer Position at Ghazioversea
akelco@akel.com.sa,Engineering/IE,Saudi/GCC,verified-Sent-delivered,DELIVERED,Application for Industrial Engineering Position at Akel
al.alshaikh@bonyan.sa,Engineering/IE,Saudi/GCC,verified-Sent-delivered,DELIVERED,Application for Industrial Engineer Position at Bonyan
api-service@deepseek.com,General/Other,Intl,verified-Sent-delivered,DELIVERED,Billing activation issue - $2 payment received but credits n
apmms@atco.com.sa,Engineering/IE,Saudi/GCC,verified-Sent-delivered,DELIVERED,Application for Industrial Engineer Position at Atco
apply@gemseducation.com,Education,Intl,verified-Sent-delivered,DELIVERED,Job Opportunity Inquiry — GEMS Education (Apply) — Hassan Ad
applyassistance@danaher.com,General/Other,Intl,verified-Sent-delivered,DELIVERED,"Application — Shipping Coordinator (Analyst I), Riyadh  — Ha"
arabiatalent@savola.com,Recruiting/TA,Intl,verified-Sent-delivered,DELIVERED,Talent acquisition support — automated posting and AI CV scr
aramco-jobs@aramcoasia.com,Logistics/Supply-Chain,Intl,verified-Sent-delivered,DELIVERED,Application for Logistics/Supply Chain Position at Aramcoasi
are@alrabiah.com.sa,Logistics/Supply-Chain,Saudi/GCC,verified-Sent-delivered,DELIVERED,Application for Operations Position at Alrabiah
ask@riyadhpharma.com,Engineering/IE,Intl,verified-Sent-delivered,DELIVERED,Application - Industrial Engineer / Operations - Hasan Adam
bandaraldheek@anan.com.sa,Logistics/Supply-Chain,Saudi/GCC,verified-Sent-delivered,DELIVERED,Application for Logistics and Operations Position
bdm@ditrc.com,Logistics/Supply-Chain,Intl,verified-Sent-delivered,DELIVERED,Application for Operations Role at Ditrc
care@jarir.com,Engineering/IE,Intl,verified-Sent-delivered,DELIVERED,Application - Industrial Engineer / Operations - Hasan Adam
care@naqel.com.sa,Logistics/Supply-Chain,Saudi/GCC,verified-Sent-delivered,DELIVERED,Application for Logistics Position at Naqel Express
career.dmm@sghgroup.net,Logistics/Supply-Chain,Intl,verified-Sent-delivered,DELIVERED,Application for Operations Role at Sghgroup
career.saudiarabia@kaefer.com,Engineering/IE,Saudi/GCC,verified-Sent-delivered,DELIVERED,Application for Industrial Engineer Position at Kaefer
career@almanahospital.com.sa,Engineering/IE,Saudi/GCC,verified-Sent-delivered,DELIVERED,"Application - Operations / Supply Chain | Hassan Adam, Indus"
career@hyundai.mynaghi.com,General/Other,Intl,verified-Sent-delivered,DELIVERED,Application — Materials Manager (Hyundai KAEC) — Hassan Adam
career@mouwasat.com,Logistics/Supply-Chain,Intl,verified-Sent-delivered,DELIVERED,Application — Operations/Supply Chain (Healthcare) — Hassan 
career@mrbme.com,Logistics/Supply-Chain,Intl,verified-Sent-delivered,DELIVERED,Application — Operations/Supply Chain — Hassan Adam
career@shawarmer.com,Logistics/Supply-Chain,Intl,verified-Sent-delivered,DELIVERED,Application — Supply Chain / Operations (Shawarmer) — Hassan
career@sidco.com.sa,Logistics/Supply-Chain,Saudi/GCC,verified-Sent-delivered,DELIVERED,Application — Operations / Supply Chain (SIDCO) — Hassan Ada
career@trukker.com,Engineering/IE,Intl,verified-Sent-delivered,DELIVERED,"Application - Logistics / Business Development, Jeddah (Indu"
careers.im@pg.com,Logistics/Supply-Chain,Intl,verified-Sent-delivered,DELIVERED,Application — Operations/Supply Chain — Hassan Adam
careers.ksa@akzonobel.com,Engineering/IE,Intl,verified-Sent-delivered,DELIVERED,Application for Industrial Engineer Position at AkzoNobel
careers@aathar.sa,Recruiting/TA,Saudi/GCC,verified-Sent-delivered,DELIVERED,Cut your time-to-hire — recruitment automation for Aathar Ho
careers@acts-group.com,Engineering/IE,Intl,verified-Sent-delivered,DELIVERED,"Application - Procurement & Logistics Officer (Industrial
 "
careers@alhudaifhr.com,Logistics/Supply-Chain,Intl,verified-Sent-delivered,DELIVERED,Application for Operations/Supply Chain Role at Al Hudaif
careers@alkhodari.com,Logistics/Supply-Chain,Intl,verified-Sent-delivered,DELIVERED,Application — Operations/Supply Chain — Hassan Adam
careers@almarai.com,Logistics/Supply-Chain,Intl,verified-Sent-delivered,DELIVERED,Application — Supply Chain / Operations (Almarai) — Hassan A
careers@almosafer.com,Logistics/Supply-Chain,Intl,verified-Sent-delivered,DELIVERED,Application for Logistics and Operations Position at Almosaf
careers@almurjanhospital.com,Logistics/Supply-Chain,Intl,verified-Sent-delivered,DELIVERED,Healthcare Operations / Supply Chain Application — Hasan Ada
careers@aloula.com,Logistics/Supply-Chain,Intl,verified-Sent-delivered,DELIVERED,Application — Aerodrome Operations Manager (Aloula Aviation)
careers@alrashed.com,Engineering/IE,Intl,verified-Sent-delivered,DELIVERED,Industrial Engineer (Dammam) - Hassan Adam | Lean / Logistic
careers@arabiancementcompany.com,Recruiting/TA,Intl,verified-Sent-delivered,DELIVERED,"Automated recruitment for Arabian Cement — 15+ platforms, AI"
careers@aramco.com,Engineering/IE,Intl,verified-Sent-delivered,DELIVERED,Application for Industrial Engineer Position at Aramco
careers@becarabia.com,Engineering/IE,Intl,verified-Sent-delivered,DELIVERED,"Application - Purchasing Team Leader, Riyadh (Industrial Eng"
careers@chedihegra.com,Healthcare,Intl,verified-Sent-delivered,DELIVERED,Automate Chedi hospitality recruitment across Saudi location
careers@dallah-hospital.com,Logistics/Supply-Chain,Intl,verified-Sent-delivered,DELIVERED,Application — Operations/Supply Chain (Healthcare) — Hassan 
careers@dnata.com,Engineering/IE,Intl,verified-Sent-delivered,DELIVERED,Application - Industrial Engineering / Ground Operations (Sa
careers@gccwalkin.com,General/Other,Intl,verified-Sent-delivered,DELIVERED,Job Opportunity Inquiry — GCC Walkin — Hassan Adam (Riyadh)
careers@globaledventures.co.uk,General/Other,MENA/Intl,verified-Sent-delivered,DELIVERED,Job Opportunity Inquiry — Global Edventures — Hassan Adam (R
careers@ihrcanada.com,General/Other,Intl,verified-Sent-delivered,DELIVERED,Job Opportunity Inquiry — IHR Canada — Hassan Adam (Riyadh)
careers@innosoft.sa,Logistics/Supply-Chain,Saudi/GCC,verified-Sent-delivered,DELIVERED,"Application - Operations / Business Process (Saudi National,"
careers@jarir.com,Logistics/Supply-Chain,Intl,verified-Sent-delivered,DELIVERED,Application for Logistics and Operations Position at Jarir
careers@jhah.com,Logistics/Supply-Chain,Intl,verified-Sent-delivered,DELIVERED,Application — Operations / Supply Chain (JHAH) — Hassan Adam
careers@jobswind.com,Engineering/IE,Intl,verified-Sent-delivered,DELIVERED,Application: Industrial Engineer (Process Optimization) - Ha
careers@kfshrc.edu.sa,Logistics/Supply-Chain,Saudi/GCC,verified-Sent-delivered,DELIVERED,Application — Operations/Supply Chain (Healthcare) — Hassan 
careers@maaden.com.sa,Logistics/Supply-Chain,Saudi/GCC,verified-Sent-delivered,DELIVERED,Application — Operations / Supply Chain (Maaden) — Hassan Ad
careers@maffire.com,Recruiting/TA,Intl,verified-Sent-delivered,DELIVERED,"Recruitment automation for MAF Fire ME — 15+ platforms, AI C"
careers@nahdi.com,Engineering/IE,Intl,verified-Sent-delivered,DELIVERED,Application for Industrial Engineer Position at Nahdi
careers@nesr.com,Engineering/IE,Intl,verified-Sent-delivered,DELIVERED,"Application - Supply Chain / Operations (KSA) | Hassan Adam,"
careers@parsons.com,Engineering/IE,Intl,verified-Sent-delivered,DELIVERED,Application — Industrial Engineering / Supply Chain Graduate
careers@qaiwangroup.com,Logistics/Supply-Chain,Intl,verified-Sent-delivered,DELIVERED,Application — Operations/Supply Chain — Hassan Adam
careers@safari.com.sa,Logistics/Supply-Chain,Saudi/GCC,verified-Sent-delivered,DELIVERED,Application for Operations/Supply Chain Role at Safari
careers@saucebossksa.com,General/Other,Intl,verified-Sent-delivered,DELIVERED,Job Opportunity Inquiry — Sauce Boss KSA — Hassan Adam (Riya
careers@stc.com.sa,Logistics/Supply-Chain,Saudi/GCC,verified-Sent-delivered,DELIVERED,Application — Operations / Supply Chain (STC) — Hassan Adam
careers@tamimiengineering.com,Logistics/Supply-Chain,Intl,verified-Sent-delivered,DELIVERED,Application — Operations/Supply Chain — Hassan Adam
careers@teacherhorizons.com,Education,Intl,verified-Sent-delivered,DELIVERED,Job Opportunity Inquiry — Teacher Horizons — Hassan Adam (Ri
careers@tgps.pk,Logistics/Supply-Chain,MENA/Intl,verified-Sent-delivered,DELIVERED,Application for Operations/Supply Chain Role
careers@zain.com,Engineering/IE,Intl,verified-Sent-delivered,DELIVERED,Application for Industrial Engineer Position at Zain
catcosa@catcosa.com,Logistics/Supply-Chain,Intl,verified-Sent-delivered,DELIVERED,Application for Operations/Supply-Chain Role at Catcosa
central@binomairah.com,Logistics/Supply-Chain,Intl,verified-Sent-delivered,DELIVERED,Application — Equipment Logistics Manager (Riyadh) — Hassan 
chrisresto@blueprinttalent.com,Logistics/Supply-Chain,Intl,verified-Sent-delivered,DELIVERED,Application — Logistics Specialist (Riyadh) — Hassan Adam
clientmiddleeast@michaelpage.ae,Logistics/Supply-Chain,MENA/Intl,verified-Sent-delivered,DELIVERED,Candidate registration — Operations Coordinator (Saudi) — Ha
corporate@alrashed.com,Engineering/IE,Intl,verified-Sent-delivered,DELIVERED,"Application - Industrial Engineer, Dammam (CV on request)"
crm3@saco-ksa.com,Engineering/IE,Intl,verified-Sent-delivered,DELIVERED,RE: Application - Industrial Engineer / Operations - Hasan A
crm@saco-ksa.com,Engineering/IE,Intl,verified-Sent-delivered,DELIVERED,Application - Industrial Engineer / Operations - Hasan Adam
cs@bindawood.com,Engineering/IE,Intl,verified-Sent-delivered,DELIVERED,Application — Supply Chain / Warehouse Operations Engineer —
customer.service@saudipaper.com,Engineering/IE,Intl,verified-Sent-delivered,DELIVERED,Application - Industrial Engineer / Operations - Hasan Adam
customercare@panda.com.sa,General/Other,Saudi/GCC,verified-Sent-delivered,DELIVERED,"Automate Panda's active roles — one submission, 15 platforms"
customerservice@alrajhitakaful.com,General/Other,Intl,verified-Sent-delivered,DELIVERED,Application for Takaful Position at Al Rajhi Takaful
customerservice@tamimimarkets.com,Logistics/Supply-Chain,Intl,verified-Sent-delivered,DELIVERED,Application for Logistics/Operations Position at Tamimi Mark
cv@aldawaa.com.sa,Logistics/Supply-Chain,Saudi/GCC,verified-Sent-delivered,DELIVERED,Application — Supply Chain / Inventory (Retail Pharmacy) — H
cv@alfransi.com.sa,Logistics/Supply-Chain,Saudi/GCC,verified-Sent-delivered,DELIVERED,Expressed Interest in Operations/Supply Chain Role at Alfran
cv@alrajhibank.com.sa,Engineering/IE,Saudi/GCC,verified-Sent-delivered,DELIVERED,Application - Industrial Engineering / Operations (Saudi Nat
cv@arabianfal.com,Engineering/IE,Intl,verified-Sent-delivered,DELIVERED,Application - Industrial Engineer / Operations | Hassan Adam
cv@striveoverseas.com,Logistics/Supply-Chain,Intl,verified-Sent-delivered,DELIVERED,Application for Operations/Supply Chain Role at Strive Overs
cv@tafear.com,Logistics/Supply-Chain,Intl,verified-Sent-delivered,DELIVERED,Application for Operations/Supply Chain Role at TafeaR
dpo@sal.sa,Logistics/Supply-Chain,Saudi/GCC,verified-Sent-delivered,DELIVERED,Application — Logistics / Operations (SAL) — Hassan Adam
elrahma@elrahma-hr.com,Logistics/Supply-Chain,Intl,verified-Sent-delivered,DELIVERED,Application for Operations/Supply-Chain Role
freight@anc-log.sa,Logistics/Supply-Chain,Saudi/GCC,verified-Sent-delivered,DELIVERED,Logistics hiring on autopilot — AutoApply SA (Jeddah)
hameed@saspserve.com,Logistics/Supply-Chain,Intl,verified-Sent-delivered,DELIVERED,Application — Operations/Supply Chain — Hassan Adam
hello@alromansiah.com,General/Other,Intl,verified-Sent-delivered,DELIVERED,Job Application Inquiry
hire@career-parsons.com,Logistics/Supply-Chain,Intl,verified-Sent-delivered,DELIVERED,Application — Logistics Co-ordinator (Tabuk) — Hassan Adam
hiring@bulkjob.in,General/Other,MENA/Intl,verified-Sent-delivered,DELIVERED,Job Opportunity Inquiry — Bulk Job In — Hassan Adam (Riyadh)
hr.dsfhr@fakeeh.care,Logistics/Supply-Chain,Intl,verified-Sent-delivered,DELIVERED,Application — Operations/Supply Chain (Healthcare) — Hassan 
hr.middleeast@aecom.com,Engineering/IE,Intl,verified-Sent-delivered,DELIVERED,Industrial Engineering Graduate - Application (Graduate Indu
hr.phc@drsulaimanalhabib.com,Logistics/Supply-Chain,Intl,verified-Sent-delivered,DELIVERED,Application for Operations/Supply Chain Position at Dr. Sula
hr@adesgroup.com,Engineering/IE,Intl,verified-Sent-delivered,DELIVERED,Application - Industrial Engineer / Operations - Hasan Adam
hr@alhudaifhr.com,Logistics/Supply-Chain,Intl,verified-Sent-delivered,DELIVERED,Application for Operations/Supply Chain Role at Al Hudaif HR
hr@aqwase.com,Recruiting/TA,Intl,verified-Sent-delivered,DELIVERED,Automate your hiring pipeline — AutoApply SA (Jeddah)
hr@arabiancement.com,Engineering/IE,Intl,verified-Sent-delivered,DELIVERED,Application for Industrial Engineer Position at Arabian Ceme
hr@asbisme.ae,Recruiting/TA,MENA/Intl,verified-Sent-delivered,DELIVERED,Hiring into KSA? Automated sourcing and AI CV screening — Au
hr@binharkil.com,Recruiting/TA,Intl,verified-Sent-delivered,DELIVERED,"Recruitment automation for Bin Harkil — faster shortlists, l"
hr@gemseducation.com,Engineering/IE,Intl,verified-Sent-delivered,DELIVERED,Application: Industrial Engineer (Process Optimization) - Ha
hr@gulftekarabia.com,Engineering/IE,Intl,verified-Sent-delivered,DELIVERED,Application – Estimation / Industrial Engineer (Dammam) – Ha
hr@herfy.com.sa,Engineering/IE,Saudi/GCC,verified-Sent-delivered,DELIVERED,Application for Industrial Engineer Position at Herfy
hr@mukoun.com.sa,General/Other,Saudi/GCC,verified-Sent-delivered,DELIVERED,Job Opportunity Inquiry — Mukoun Company — Hassan Adam (Riya
hr@saraya.sa,Engineering/IE,Saudi/GCC,verified-Sent-delivered,DELIVERED,Application: Industrial Engineer (Process Optimization / Saf
hr@saudia.com,Logistics/Supply-Chain,Intl,verified-Sent-delivered,DELIVERED,Application for Logistics and Operations Position at Saudia
hr@saudischools.com,Logistics/Supply-Chain,Intl,verified-Sent-delivered,DELIVERED,Application — Operations/Supply Chain — Hassan Adam
hr@sisco.com.sa,Logistics/Supply-Chain,Saudi/GCC,verified-Sent-delivered,DELIVERED,Application for Logistics and Operations Role at SISCO Saudi
hr@stc.com.sa,Engineering/IE,Saudi/GCC,verified-Sent-delivered,DELIVERED,Application for Industrial Engineer Position at STC
hr@unicoil.com.sa,Engineering/IE,Saudi/GCC,verified-Sent-delivered,DELIVERED,Industrial Engineering Graduate - Application (Industrial En
hradmin@gulftekarabia.com,Engineering/IE,Intl,verified-Sent-delivered,DELIVERED,RE: Application – Estimation / Industrial Engineer (Dammam) 
hrd@alahsahospital.com.sa,Engineering/IE,Saudi/GCC,verified-Sent-delivered,DELIVERED,"Application - Operations / Supply Chain | Hassan Adam, Indus"
hrd@mbtc.com.sa,Logistics/Supply-Chain,Saudi/GCC,verified-Sent-delivered,DELIVERED,Application for Operations/Supply Chain Role at MBTC
hrdepartmental@sa.yokogawa.com,Engineering/IE,Intl,verified-Sent-delivered,DELIVERED,Application - Industrial Engineer / Operations - Hasan Adam
hrsupport@archirodon.net,Engineering/IE,Intl,verified-Sent-delivered,DELIVERED,Application - Industrial Engineering / Project Operations (S
human.resources@redseahousing.com,Logistics/Supply-Chain,Intl,verified-Sent-delivered,DELIVERED,Application — Operations/Logistics Coordinator (Red Sea Glob
humanresources@obeidhospital.org,Healthcare,Intl,verified-Sent-delivered,DELIVERED,Automate Obeid Hospital recruitment across all departments
i.atassi@artar.com.sa,Engineering/IE,Saudi/GCC,verified-Sent-delivered,DELIVERED,Industrial Engineer / Operations Application — Hasan Adam
info@abunayyanholding.com,Engineering/IE,Intl,verified-Sent-delivered,DELIVERED,Application - Industrial Engineer / Operations - Hasan Adam
info@alargan.com.sa,Logistics/Supply-Chain,Saudi/GCC,verified-Sent-delivered,DELIVERED,Application for Logistics Position at Alargan Projects
info@albawani.net,Logistics/Supply-Chain,Intl,verified-Sent-delivered,DELIVERED,Application for Logistics and Operations Position
info@aldanube.com,Logistics/Supply-Chain,Intl,verified-Sent-delivered,DELIVERED,Application for Logistics and Operations Position at Al Danu
info@alesayi.com,Engineering/IE,Intl,verified-Sent-delivered,DELIVERED,Application — Industrial Engineer / Logistics — Hassan Adam 
info@alfozan.com,Engineering/IE,Intl,verified-Sent-delivered,DELIVERED,Application - Warehouse & Supply Chain Engineer - Hassan Ada
info@alhajry-overseas.com.sa,Logistics/Supply-Chain,Saudi/GCC,verified-Sent-delivered,DELIVERED,Application — Operations/Supply Chain — Hassan Adam
info@aljabr.com.sa,Engineering/IE,Saudi/GCC,verified-Sent-delivered,DELIVERED,Application — Operations / Procurement Engineer — Hassan Ada
info@aljomaih.com,Engineering/IE,Intl,verified-Sent-delivered,DELIVERED,Application — Supply Chain / Operations Engineer — Hassan Ad
info@aljouf.com.sa,Engineering/IE,Saudi/GCC,verified-Sent-delivered,DELIVERED,Application for Industrial Engineer Position at Al Jouf Agri
info@alkifah.com,Engineering/IE,Intl,verified-Sent-delivered,DELIVERED,Application — Supply Chain / Industrial Engineer | Hassan Ad
info@almoosahospital.com.sa,Logistics/Supply-Chain,Saudi/GCC,verified-Sent-delivered,DELIVERED,Application for Operations Position at Almoosa Specialist Ho
info@almuhaidib.com,Engineering/IE,Intl,verified-Sent-delivered,DELIVERED,Application - Procurement / Operations Engineer - Hassan Ada
info@alromansiah.com,Logistics/Supply-Chain,Intl,verified-Sent-delivered,DELIVERED,Application for Logistics Role in Saudi Arabia
info@alsaiflogistic.com,Engineering/IE,Intl,verified-Sent-delivered,DELIVERED,Industrial Engineering Graduate - Application (Logistics / O
info@alshalawi.com,Logistics/Supply-Chain,Intl,verified-Sent-delivered,DELIVERED,Application — Operations/Supply Chain — Hassan Adam
info@alsorayai.com,General/Other,Intl,verified-Sent-delivered,DELIVERED,Job Application for Al Sorayai Group
info@altaaqa.com,Engineering/IE,Intl,verified-Sent-delivered,DELIVERED,Application — Logistics & Operations Engineer — Hassan Adam 
info@americanarestaurants.com,Engineering/IE,Intl,verified-Sent-delivered,DELIVERED,Application - Industrial Engineer / Operations - Hasan Adam
info@amiantit.com,Engineering/IE,Intl,verified-Sent-delivered,DELIVERED,Application — Industrial Engineer / Operations — Hassan Adam
info@apc.com.sa,Engineering/IE,Saudi/GCC,verified-Sent-delivered,DELIVERED,Application — Industrial Engineer / Process & Operations — H
info@apparelgroup.com,Logistics/Supply-Chain,Intl,verified-Sent-delivered,DELIVERED,Application for Logistics and Operations Position at Apparel
info@arabianfal.com,Engineering/IE,Intl,verified-Sent-delivered,DELIVERED,Application — Industrial Engineer / Operations & Procurement
info@atco.com.sa,Engineering/IE,Saudi/GCC,verified-Sent-delivered,DELIVERED,"Application - Operations / Logistics | Hassan Adam, Industri"
info@bawan.com.sa,Engineering/IE,Saudi/GCC,verified-Sent-delivered,DELIVERED,Application — Industrial Engineer / Production & Supply Chai
info@becarabia.com,Engineering/IE,Intl,verified-Sent-delivered,DELIVERED,"Application — Purchasing / Procurement (Saudi National, Indu"
info@becsaudi.com,Logistics/Supply-Chain,Intl,verified-Sent-delivered,DELIVERED,Following up - Purchasing / Supply Chain application - Hassa
info@binharkil.com,Recruiting/TA,Intl,verified-Sent-delivered,DELIVERED,Cut your time-to-hire at Bin Harkil — automated recruitment 
info@care.med.sa,Recruiting/TA,Saudi/GCC,verified-Sent-delivered,DELIVERED,156 open roles — automate your entire recruitment pipeline
info@catrion.com,Engineering/IE,Intl,verified-Sent-delivered,DELIVERED,Application — Logistics & Operations Engineer — Hassan Adam 
info@chalhoub.com,Engineering/IE,Intl,verified-Sent-delivered,DELIVERED,Application - Supply Chain / Procurement (Jeddah) - Hasan Ad
info@dar.com,Engineering/IE,Intl,verified-Sent-delivered,DELIVERED,Industrial Engineering Graduate - Application (Graduate Plan
info@drakescull.com,Engineering/IE,Intl,verified-Sent-delivered,DELIVERED,Industrial Engineering Graduate - Application (Industrial / 
info@dussur.com,Engineering/IE,Intl,verified-Sent-delivered,DELIVERED,Application — Industrial Engineer / Operations Analyst | Has
info@eic.com.sa,Engineering/IE,Saudi/GCC,verified-Sent-delivered,DELIVERED,Application - Industrial Engineer / Operations - Hasan Adam
info@ejad.sa,Recruiting/TA,Saudi/GCC,verified-Sent-delivered,DELIVERED,Recruitment automation partnership — AutoApply SA (Jeddah)
info@el-seif.com.sa,Logistics/Supply-Chain,Saudi/GCC,verified-Sent-delivered,DELIVERED,Application — Site Logistics / Procurement (El Seif) — Hassa
info@eramtalent.com,Engineering/IE,Intl,verified-Sent-delivered,DELIVERED,Candidate Registration – Industrial Engineering / Supply Cha
info@familycare.com.sa,Logistics/Supply-Chain,Saudi/GCC,verified-Sent-delivered,DELIVERED,Healthcare Operations / Supply Chain Application — Hasan Ada
info@fipco.com.sa,Engineering/IE,Saudi/GCC,verified-Sent-delivered,DELIVERED,Application - Industrial Engineer / Production Planning - Ha
info@gasco.com,Engineering/IE,Intl,verified-Sent-delivered,DELIVERED,Application — Industrial Engineer / Operations — Hassan Adam
info@gulftekarabia.com,Engineering/IE,Intl,verified-Sent-delivered,DELIVERED,Application - Industrial / Estimation / QA Engineer (Saudi N
info@hadeed.com.sa,Engineering/IE,Saudi/GCC,verified-Sent-delivered,DELIVERED,Application - Industrial Engineer / Operations - Hasan Adam
info@halwani.com.sa,Engineering/IE,Saudi/GCC,verified-Sent-delivered,DELIVERED,Application — Supply Chain / Logistics Engineer — Hassan Ada
info@hassanallam.com,Engineering/IE,Intl,verified-Sent-delivered,DELIVERED,"Application - Planning / Operations Engineer - Hassan Adam
"
info@hijazmalls.com,Logistics/Supply-Chain,Intl,verified-Sent-delivered,DELIVERED,Hiring retail and operations staff faster — AutoApply SA
info@hillintl.com,Logistics/Supply-Chain,Intl,verified-Sent-delivered,DELIVERED,"Application - Logistics Representative, Saudi Arabia - Hasan"
info@hireeleven.com,Logistics/Supply-Chain,Intl,verified-Sent-delivered,DELIVERED,Application for Operations/Supply Chain Role at Hire Eleven
info@hirejubail.com,Engineering/IE,Intl,verified-Sent-delivered,DELIVERED,Application: Industrial Engineer (Process Optimization) - Ha
info@ipc.com.sa,Engineering/IE,Saudi/GCC,verified-Sent-delivered,DELIVERED,Application for Industrial Project Position
info@irf.com.sa,Engineering/IE,Saudi/GCC,verified-Sent-delivered,DELIVERED,Career Application — Industrial Engineer / Production & Oper
info@jamjoompharma.com,Engineering/IE,Intl,verified-Sent-delivered,DELIVERED,Application - Supply Chain / Production Engineer - Hassan Ad
info@jasarapmc.com,Engineering/IE,Intl,verified-Sent-delivered,DELIVERED,"Logistics / Supply Chain Application - Hasan Adam, Industria"
info@jasarapmc.com.sa,Logistics/Supply-Chain,Saudi/GCC,verified-Sent-delivered,DELIVERED,Following up on Logistics/Supply Chain Application
info@jeddah-cable.com,Recruiting/TA,Intl,verified-Sent-delivered,DELIVERED,Automated hiring for Jeddah Cable — technical roles filled i
info@jeraisy.com,Logistics/Supply-Chain,Intl,verified-Sent-delivered,DELIVERED,Application for Logistics/Operations Position at Jeraisy Gro
info@maadaniyah.com,Engineering/IE,Intl,verified-Sent-delivered,DELIVERED,Application - Industrial Engineer / Operations - Hassan Adam
info@mawref.com,Engineering/IE,Intl,verified-Sent-delivered,DELIVERED,Application — Logistics & Operations Coordinator | Industria
info@mayar.com,Logistics/Supply-Chain,Intl,verified-Sent-delivered,DELIVERED,Automated hiring support for your supply chain vacancies — A
info@mbl.com.sa,Engineering/IE,Saudi/GCC,verified-Sent-delivered,DELIVERED,Application - Industrial Engineer / Operations - Hasan Adam
info@mep.co,Engineering/IE,Intl,verified-Sent-delivered,DELIVERED,Application - Industrial Engineer / Operations - Hasan Adam
info@metito.com,Engineering/IE,Intl,verified-Sent-delivered,DELIVERED,Application - Industrial Engineer / Operations - Hasan Adam
info@modernmills.com.sa,Logistics/Supply-Chain,Saudi/GCC,verified-Sent-delivered,DELIVERED,Application for Logistics and Operations Position
info@mouwasat.com,Logistics/Supply-Chain,Intl,verified-Sent-delivered,DELIVERED,Application for Logistics Position at Mouwasat Medical Servi
info@mukamalah.com,Engineering/IE,Intl,verified-Sent-delivered,DELIVERED,Enquiry — graduate / entry-level opportunities (Industrial E
info@nabatat.com.sa,Engineering/IE,Saudi/GCC,verified-Sent-delivered,DELIVERED,Application — Operations / Procurement Engineer — Hassan Ada
info@najrancement.com,Engineering/IE,Intl,verified-Sent-delivered,DELIVERED,Industrial Engineering Graduate - Application (Industrial En
info@nesmapartners.com,Logistics/Supply-Chain,Intl,verified-Sent-delivered,DELIVERED,Application for Logistics/Operations Position at Nesma & Par
info@nupco.com,Logistics/Supply-Chain,Intl,verified-Sent-delivered,DELIVERED,Application for Logistics and Operations Position at NUPCO (
info@obeidhospitals.com,Healthcare,Intl,verified-Sent-delivered,DELIVERED,Automate Obeid Hospital recruitment across all departments
info@petromin.com,Engineering/IE,Intl,verified-Sent-delivered,DELIVERED,Application - Supply Chain / Operations Engineer - Hassan Ad
info@rajhisteel.com,Logistics/Supply-Chain,Intl,verified-Sent-delivered,DELIVERED,Application for Logistics and Operations Position at Al Rajh
info@ramclinics.com,Logistics/Supply-Chain,Intl,verified-Sent-delivered,DELIVERED,Healthcare Operations / Supply Chain Application — Hasan Ada
info@riyadhairports.com,Logistics/Supply-Chain,Intl,verified-Sent-delivered,DELIVERED,Application for Logistics/Operations Position
info@salla.sa,Logistics/Supply-Chain,Saudi/GCC,verified-Sent-delivered,DELIVERED,"Application for Logistics Position in Salla, Saudi Arabia"
info@sandsjeddah.com,Healthcare,Intl,verified-Sent-delivered,DELIVERED,Filling hospitality roles faster at Sands Hotel — AutoApply 
info@saned.com.sa,Engineering/IE,Saudi/GCC,verified-Sent-delivered,DELIVERED,"Industrial Engineering Graduate - Application (Industrial /"
info@saudicable.com,Engineering/IE,Intl,verified-Sent-delivered,DELIVERED,Application - Industrial / Production Engineer - Hassan Adam
info@saudiceramics.com,Engineering/IE,Intl,verified-Sent-delivered,DELIVERED,Application - Industrial Engineer / Operations - Hasan Adam
info@saudireadymix.com.sa,Engineering/IE,Saudi/GCC,verified-Sent-delivered,DELIVERED,Application — Industrial Engineer / Operations & Logistics |
info@savola.com,Engineering/IE,Intl,verified-Sent-delivered,DELIVERED,Application — Supply Chain / Industrial Engineer — Hassan Ad
info@seagullhr.com,Logistics/Supply-Chain,Intl,verified-Sent-delivered,DELIVERED,Application for Operations/Supply Chain Position
info@shawarmer.com,Recruiting/TA,Intl,verified-Sent-delivered,DELIVERED,"High-volume restaurant hiring, automated — AutoApply SA"
info@sipco.com.sa,Logistics/Supply-Chain,Saudi/GCC,verified-Sent-delivered,DELIVERED,Application for Logistics/Operations Role at SIPCO (Saudi Ar
info@sirc.sa,Engineering/IE,Saudi/GCC,verified-Sent-delivered,DELIVERED,Application - Industrial Engineer / Operations - Hasan Adam
info@smsaexpress.com,Logistics/Supply-Chain,Intl,verified-Sent-delivered,DELIVERED,Application for Logistics and Operations Position at SMSA Ex
info@spimaco.sa,Logistics/Supply-Chain,Saudi/GCC,verified-Sent-delivered,DELIVERED,Application for Logistics and Operations Position at SPIMACO
info@ssc-hr.com,Logistics/Supply-Chain,Intl,verified-Sent-delivered,DELIVERED,Application — Logistics & Supply Chain Manager (Jeddah) — Ha
info@sunbulah.com,Logistics/Supply-Chain,Intl,verified-Sent-delivered,DELIVERED,Application for Logistics and Operations Position at Sunbula
info@tabukpharmaceuticals.com,Engineering/IE,Intl,verified-Sent-delivered,DELIVERED,Application - Industrial Engineer / Operations - Hassan Adam
info@tascoutsourcing.com,Engineering/IE,Intl,verified-Sent-delivered,DELIVERED,Application - Supply Coordinator / Supply Chain (Riyadh) | H
info@thiqah.sa,Logistics/Supply-Chain,Saudi/GCC,verified-Sent-delivered,DELIVERED,Application for Logistics Position at Thiqah Business Servic
info@trukker.com,Logistics/Supply-Chain,Intl,verified-Sent-delivered,DELIVERED,Application - Logistics / Land Freight Operations (Jeddah) |
info@wadi-jeddah.com.sa,Recruiting/TA,Saudi/GCC,verified-Sent-delivered,DELIVERED,Recruitment automation for Wadi Jeddah portfolio companies
info@wood.com,Engineering/IE,Intl,verified-Sent-delivered,DELIVERED,Industrial Engineering Graduate - Application (Graduate Indu
info@yasref.com,Engineering/IE,Intl,verified-Sent-delivered,DELIVERED,Industrial Engineering Graduate - Application (Industrial / 
info@zahid.com,Engineering/IE,Intl,verified-Sent-delivered,DELIVERED,Application - Industrial Engineer / Operations - Hasan Adam
info@zajil.com,Engineering/IE,Intl,verified-Sent-delivered,DELIVERED,Application for Industrial Engineer Position at Zajil Expres
infoksa@acts-int.com,Engineering/IE,Intl,verified-Sent-delivered,DELIVERED,Application — Procurement & Logistics Officer (Saudi Nationa
infos@sisco.com.sa,Engineering/IE,Saudi/GCC,verified-Sent-delivered,DELIVERED,Application — Logistics & Operations Engineer — Hassan Adam 
jasarapmc@jobs.workablemail.com,Logistics/Supply-Chain,Intl,verified-Sent-delivered,DELIVERED,Talent Pool - Logistics / Supply Chain (Riyadh & Jeddah) - H
job@almoosahospital.com.sa,Logistics/Supply-Chain,Saudi/GCC,verified-Sent-delivered,DELIVERED,Application — Operations/Supply Chain (Healthcare) — Hassan 
job@herfy.com,Logistics/Supply-Chain,Intl,verified-Sent-delivered,DELIVERED,Application for Logistics and Operations Role at Herfy Food 
jobs@almajdouie.com,Logistics/Supply-Chain,Intl,verified-Sent-delivered,DELIVERED,Application — Logistics / Operations (Almajdouie) — Hassan A
jobs@alyousufent.com,Logistics/Supply-Chain,Intl,verified-Sent-delivered,DELIVERED,Application for Operations/Supply-Chain Position at Al Yousu
jobs@arvindglobal.com,Logistics/Supply-Chain,Intl,verified-Sent-delivered,DELIVERED,Application for Operations/Supply Chain Role
jobs@ayk.global,General/Other,Intl,verified-Sent-delivered,DELIVERED,Job Opportunity Inquiry — AYK Global — Hassan Adam (Riyadh)
jobs@binajinah.com,Engineering/IE,Intl,verified-Sent-delivered,DELIVERED,Application - Industrial Engineering / Operations (Saudi Nat
jobs@emerald-isle.com,General/Other,Intl,verified-Sent-delivered,DELIVERED,Job Opportunity Inquiry — Emerald Isle Manpower — Hassan Ada
jobs@hirejubail.com,General/Other,Intl,verified-Sent-delivered,DELIVERED,Application: Shutdown/Turnaround — HireJubail (Jobs) — Hassa
jobs@jalint.com.sa,General/Other,Saudi/GCC,verified-Sent-delivered,DELIVERED,Application — Transportation Coordinator (Dammam) — Hassan A
jobs@m2reducation.com,Logistics/Supply-Chain,Intl,verified-Sent-delivered,DELIVERED,Application for Operations/Supply-Chain Position at M2R Educ
jobs@metco.com.sa,Logistics/Supply-Chain,Saudi/GCC,verified-Sent-delivered,DELIVERED,Application for Operations/Supply Chain Role at METCO
jobs@miskschools.edu.sa,Logistics/Supply-Chain,Saudi/GCC,verified-Sent-delivered,DELIVERED,Support for your Procurement Officer hire — AutoApply SA
jobs@nesma.com,Engineering/IE,Intl,verified-Sent-delivered,DELIVERED,Application — Industrial Engineer / Operations — Hassan Adam
jobs@ramzunited.com,Logistics/Supply-Chain,Intl,verified-Sent-delivered,DELIVERED,Application for Operations/Supply-Chain Role at Ramz United
jobs@saco-ksa.com,Engineering/IE,Intl,verified-Sent-delivered,DELIVERED,Application - Industrial Engineer / Operations - Hasan Adam
jobs@saudigerman.com,Logistics/Supply-Chain,Intl,verified-Sent-delivered,DELIVERED,Application for Operations/Supply Chain Role at Saudi German
jobs@sghgroup.net,Healthcare,Intl,verified-Sent-delivered,DELIVERED,Automate Saudi German Health recruitment pipeline
juffali@eajb.com.sa,Engineering/IE,Saudi/GCC,verified-Sent-delivered,DELIVERED,Application - Industrial Engineer / Operations - Hasan Adam
jw@seekteachers.com,Logistics/Supply-Chain,Intl,verified-Sent-delivered,DELIVERED,Application for Operations/Supply Chain Role
kbr-amcdehr@kbr.com,Logistics/Supply-Chain,Intl,verified-Sent-delivered,DELIVERED,Application for Operations/Supply-Chain Role at KBR
klc.hr@alkafaa.com,Engineering/IE,Intl,verified-Sent-delivered,DELIVERED,Application - Industrial Engineering / Operations (Saudi Nat
kuagh.hr@hyatt.com,General/Other,Intl,verified-Sent-delivered,DELIVERED,Application — Materials Clerk / Purchasing (Grand Hyatt KSA)
linajebril@alibaba-inc.com,General/Other,Intl,verified-Sent-delivered,DELIVERED,Re: Follow-up Regarding Alibaba Cloud Services
mail@alandalus.com.sa,Logistics/Supply-Chain,Saudi/GCC,verified-Sent-delivered,DELIVERED,Application for Logistics and Operations Position at Alandal
malmanghy@panda.com.sa,General/Other,Saudi/GCC,verified-Sent-delivered,DELIVERED,"Automate Panda's active roles — one submission, 15 platforms"
marketing.np@nesma.com,Engineering/IE,Intl,verified-Sent-delivered,DELIVERED,Application - Industrial Engineering / Operations (Saudi Nat
middleeast@naukrigulf.com,Recruiting/TA,Intl,verified-Sent-delivered,DELIVERED,"Partnership enquiry — AutoApply SA (recruitment automation, "
n.alsohaibani@salehiya.com,Logistics/Supply-Chain,Intl,verified-Sent-delivered,DELIVERED,Application — Supply Chain / Operations (Healthcare) — Hassa
nationalizationteam@almarai.com,Recruiting/TA,Intl,verified-Sent-delivered,DELIVERED,Supporting Saudization hiring targets — automated sourcing a
oalkhunaizi@darwaemaar.com,Engineering/IE,Intl,verified-Sent-delivered,DELIVERED,Industrial Engineer / Operations Application — Hasan Adam
pomsm_hr@hilton.com,General/Other,Intl,verified-Sent-delivered,DELIVERED,Application — Purchasing Officer (Hilton KSA) — Hassan Adam
qcc@qcc.com.sa,Engineering/IE,Saudi/GCC,verified-Sent-delivered,DELIVERED,Application - Industrial Engineer / Operations - Hasan Adam
qiddiya-investment-company-1@jobs.workablemail.com,General/Other,Intl,verified-Sent-delivered,DELIVERED,Application — Manager Operational Readiness (Qiddiya) — Hass
ran.recruiter@alarabi92.com,Engineering/IE,Intl,verified-Sent-delivered,DELIVERED,Application: Industrial Engineer (Process Optimization) - Ha
rec@alojaimi.com,Engineering/IE,Intl,verified-Sent-delivered,DELIVERED,Application - Industrial Engineer / Operations | Hassan Adam
recruit@farm.com.sa,Engineering/IE,Saudi/GCC,verified-Sent-delivered,DELIVERED,"Application - Supply Chain / Operations | Hassan Adam, Indus"
recruiting.ksa@mcdermott.com,Logistics/Supply-Chain,Intl,verified-Sent-delivered,DELIVERED,Application — Operations / Supply Chain (McDermott KSA) — Ha
recruitment@abunayyanholding.com,Logistics/Supply-Chain,Intl,verified-Sent-delivered,DELIVERED,Application — Procurement Coordinator (Abunayyan Holding) — 
recruitment@al-kabeer.com,General/Other,Intl,verified-Sent-delivered,DELIVERED,Job Opportunity Inquiry — Al Kabeer Company — Hassan Adam (R
recruitment@algihaz.com,General/Other,Intl,verified-Sent-delivered,DELIVERED,Application — Materials Coordinator (Algihaz Holding) — Hass
recruitment@alguthmi.com,Logistics/Supply-Chain,Intl,verified-Sent-delivered,DELIVERED,Application — Shipping & Logistics Specialist (Jeddah) — Has
recruitment@almoosahospital.com.sa,Logistics/Supply-Chain,Saudi/GCC,verified-Sent-delivered,DELIVERED,Application for Operations/Supply Chain Role at Almoosa Hosp
recruitment@alrajhibank.com.sa,Logistics/Supply-Chain,Saudi/GCC,verified-Sent-delivered,DELIVERED,Application — Operations / Supply Chain (Al Rajhi Bank) — Ha
recruitment@aytb.com,Engineering/IE,Intl,verified-Sent-delivered,DELIVERED,Application - Industrial Engineering / Operations (Saudi Nat
recruitment@batook.com,Logistics/Supply-Chain,Intl,verified-Sent-delivered,DELIVERED,Application for Operations/Supply Chain Role at Batook
recruitment@chalhoub.com,Logistics/Supply-Chain,Intl,verified-Sent-delivered,DELIVERED,Faster shortlists for your Jeddah supply chain roles — AutoA
recruitment@citycement.sa,Engineering/IE,Saudi/GCC,verified-Sent-delivered,DELIVERED,Application for Industrial Engineer Position at City Cement 
recruitment@epc-ksa.com,Oil&Gas,Intl,verified-Sent-delivered,DELIVERED,Application: Oil & Gas/Epc — Saudi EPC Contractor — Hassan A
recruitment@eramtalent.com,Engineering/IE,Intl,verified-Sent-delivered,DELIVERED,Application – Industrial Engineer (Eastern Province) – Hasan
recruitment@flowpl.com,General/Other,Intl,verified-Sent-delivered,DELIVERED,"Replace your TA hire with automation — saves you SAR 8,000/m"
recruitment@flynas.com,Logistics/Supply-Chain,Intl,verified-Sent-delivered,DELIVERED,Application — Operations / Supply Chain (Flynas) — Hassan Ad
recruitment@jesco.com.sa,Engineering/IE,Saudi/GCC,verified-Sent-delivered,DELIVERED,Application - Industrial Engineer / Operations - Hasan Adam
recruitment@luberef.com,Engineering/IE,Intl,verified-Sent-delivered,DELIVERED,Job Application for Industrial Engineer Position at Luberef 
recruitment@marafiq.com,Logistics/Supply-Chain,Intl,verified-Sent-delivered,DELIVERED,Application — Operations / Supply Chain (Marafiq) — Hassan A
recruitment@marafiq.com.sa,Logistics/Supply-Chain,Saudi/GCC,verified-Sent-delivered,DELIVERED,Application for Operations/Supply Chain Role at Marafiq
recruitment@mobily.com.sa,Logistics/Supply-Chain,Saudi/GCC,verified-Sent-delivered,DELIVERED,Application — Operations / Supply Chain (Mobily) — Hassan Ad
recruitment@nadarestaurants.com,General/Other,Intl,verified-Sent-delivered,DELIVERED,Job Opportunity Inquiry — NADA Restaurants — Hassan Adam (Ri
recruitment@qasmiinternational.com,General/Other,Intl,verified-Sent-delivered,DELIVERED,Job Opportunity Inquiry — Qasmi International — Hassan Adam 
recruitment@rawabiholding.com,Logistics/Supply-Chain,Intl,verified-Sent-delivered,DELIVERED,Application — Procurement / Supply Chain (Rawabi Holding) — 
recruitment@riyadhair.com,Engineering/IE,Intl,verified-Sent-delivered,DELIVERED,Application for Industrial Engineer Position at Riyadh Air
recruitment@sabic.com,Logistics/Supply-Chain,Intl,verified-Sent-delivered,DELIVERED,Application — Procurement / Supply Chain (SABIC) — Hassan Ad
recruitment@savola.com,Recruiting/TA,Intl,verified-Sent-delivered,DELIVERED,"Recruitment automation for Savola Group — 15+ platforms, AI "
recruitment@seder.sa,Engineering/IE,Saudi/GCC,verified-Sent-delivered,DELIVERED,Application – Industrial / Mechanical Engineer (Riyadh) – Ha
recruitment@shadeco.com,Engineering/IE,Intl,verified-Sent-delivered,DELIVERED,Application - Industrial Engineering / Operations (Saudi Nat
recruitment@sraco.com.sa,Logistics/Supply-Chain,Saudi/GCC,verified-Sent-delivered,DELIVERED,Application — Operations / Logistics (SRACO) — Hassan Adam
recruitment@tes.com,Education,Intl,verified-Sent-delivered,DELIVERED,Job Opportunity Inquiry — TES (Times Educational) — Hassan A
recruitment@wecareksa.com,Logistics/Supply-Chain,Intl,verified-Sent-delivered,DELIVERED,Healthcare Operations / Supply Chain Application — Hasan Ada
recruitment@yanbucement.com,Engineering/IE,Intl,verified-Sent-delivered,DELIVERED,Application for Industrial Engineer Position at Yanbu Cement
s.alwadi@nhc.sa,Engineering/IE,Saudi/GCC,verified-Sent-delivered,DELIVERED,Industrial Engineer / Operations Application — Hasan Adam
sacjobs@chevron.com,Logistics/Supply-Chain,Intl,verified-Sent-delivered,DELIVERED,Application — Procurement / Supply Chain (Saudi Chevron) — H
salma.moharam@andalusiagroup.net,Recruiting/TA,Intl,verified-Sent-delivered,DELIVERED,Automate hiring across all 17 departments — Andalusia Group
saudi.jobs@naqel.com.sa,Engineering/IE,Saudi/GCC,verified-Sent-delivered,DELIVERED,"Logistics / Operations - Hasan Adam, Industrial Engineer (Je"
saudiarabia@naukrigulf.com,Logistics/Supply-Chain,Intl,verified-Sent-delivered,DELIVERED,Candidate registration — Logistics/Operations/Procurement (K
scw@saudconsult.com,Engineering/IE,Intl,verified-Sent-delivered,DELIVERED,Engineering recruitment automation for SaudConsult
service@deepseek.com,General/Other,Intl,verified-Sent-delivered,DELIVERED,Billing activation issue - $2 payment received but credits n
shakawa@salla.sa,Logistics/Supply-Chain,Saudi/GCC,verified-Sent-delivered,DELIVERED,"RE: Application for Logistics Position in Salla, Saudi Arabi"
shaker@andalusiagroup.net,Recruiting/TA,Intl,verified-Sent-delivered,DELIVERED,Automate hiring across all 17 departments — Andalusia Group
siec@siec.com.sa,Engineering/IE,Saudi/GCC,verified-Sent-delivered,DELIVERED,Application - Industrial Engineer / Operations - Hasan Adam
sourcing2@menalimited.com,Logistics/Supply-Chain,Intl,verified-Sent-delivered,DELIVERED,Application for Operations/Supply Chain Role at MENA Limited
support@deepseek.com,General/Other,Intl,verified-Sent-delivered,DELIVERED,Billing / Top-up delay – account credit not added after 3 da
support@digitalocean.com,General/Other,Intl,verified-Sent-delivered,DELIVERED,Re: [DigitalOcean] Ticket #12617868: github student develope
support@nana.sa,Logistics/Supply-Chain,Saudi/GCC,verified-Sent-delivered,DELIVERED,Application for Logistics Position in Saudi Arabia
support@saudiceramics.com,Engineering/IE,Intl,verified-Sent-delivered,DELIVERED,Application — Production / Industrial Engineer — Hassan Adam
support@zerobounce.net,General/Other,Intl,verified-Sent-delivered,DELIVERED,Re: [Request received] Action Required! Your ZeroBounce acco
talent.acquisition@drsulaimanalhabib.com,Logistics/Supply-Chain,Intl,verified-Sent-delivered,DELIVERED,Application — Operations/Supply Chain (Healthcare) — Hassan 
talent@indpt.com,Logistics/Supply-Chain,Intl,verified-Sent-delivered,DELIVERED,Application — Supply Chain Manager (Riyadh) — Hassan Adam
tcc@tcc.com.sa,Engineering/IE,Saudi/GCC,verified-Sent-delivered,DELIVERED,Application - Industrial Engineer / Operations - Hasan Adam
test@x.com,General/Other,Intl,verified-Sent-delivered,DELIVERED,Application: HSE Officer — ACME Co — Hassan Adam
transport@aldrees.com,Engineering/IE,Intl,verified-Sent-delivered,DELIVERED,Application — Logistics & Fleet Operations Engineer — Hassan
valvolineglobalcareers@valvolineglobal.com,Logistics/Supply-Chain,Intl,verified-Sent-delivered,DELIVERED,Application — Product/Supply Chain (Valvoline KSA) — Hassan 
wadaef2019@abdulla-fouad.com,Engineering/IE,Intl,verified-Sent-delivered,DELIVERED,Industrial Engineer / Operations Application — Hasan Adam
wadaef@gtecorp.com,Engineering/IE,Intl,verified-Sent-delivered,DELIVERED,Application - Industrial Engineering / Operations (Saudi Nat
wecare@othaimmarkets.com,Engineering/IE,Intl,verified-Sent-delivered,DELIVERED,Application - Supply Chain / Warehouse Operations Engineer -
ymohammed@innovest.com.sa,Engineering/IE,Saudi/GCC,verified-Sent-delivered,DELIVERED,Industrial Engineer / Operations Application — Hasan Adam
